[
{
   "model": "contenttypes.contenttype",
   "pk": 1,
   "fields": {
      "app_label": "admin",
      "model": "logentry"
   }
},
{
   "model": "contenttypes.contenttype",
   "pk": 2,
   "fields": {
      "app_label": "auth",
      "model": "permission"
   }
},
{
   "model": "contenttypes.contenttype",
   "pk": 3,
   "fields": {
      "app_label": "auth",
      "model": "group"
   }
},
{
   "model": "contenttypes.contenttype",
   "pk": 4,
   "fields": {
      "app_label": "auth",
      "model": "user"
   }
},
{
   "model": "contenttypes.contenttype",
   "pk": 5,
   "fields": {
      "app_label": "contenttypes",
      "model": "contenttype"
   }
},
{
   "model": "contenttypes.contenttype",
   "pk": 6,
   "fields": {
      "app_label": "sessions",
      "model": "session"
   }
},
{
   "model": "contenttypes.contenttype",
   "pk": 7,
   "fields": {
      "app_label": "shop",
      "model": "subscribers"
   }
},
{
   "model": "contenttypes.contenttype",
   "pk": 8,
   "fields": {
      "app_label": "products",
      "model": "product"
   }
},
{
   "model": "contenttypes.contenttype",
   "pk": 9,
   "fields": {
      "app_label": "products",
      "model": "productimage"
   }
},
{
   "model": "contenttypes.contenttype",
   "pk": 10,
   "fields": {
      "app_label": "orders",
      "model": "order"
   }
},
{
   "model": "contenttypes.contenttype",
   "pk": 11,
   "fields": {
      "app_label": "orders",
      "model": "productinorder"
   }
},
{
   "model": "contenttypes.contenttype",
   "pk": 12,
   "fields": {
      "app_label": "orders",
      "model": "status"
   }
},
{
   "model": "contenttypes.contenttype",
   "pk": 13,
   "fields": {
      "app_label": "landing",
      "model": "subscriber"
   }
},
{
   "model": "contenttypes.contenttype",
   "pk": 14,
   "fields": {
      "app_label": "products",
      "model": "productcategory"
   }
},
{
   "model": "contenttypes.contenttype",
   "pk": 15,
   "fields": {
      "app_label": "orders",
      "model": "productinbasket"
   }
},
{
   "model": "contenttypes.contenttype",
   "pk": 16,
   "fields": {
      "app_label": "privacy",
      "model": "privacypolicy"
   }
},
{
   "model": "contenttypes.contenttype",
   "pk": 17,
   "fields": {
      "app_label": "django_summernote",
      "model": "attachment"
   }
},
{
   "model": "contenttypes.contenttype",
   "pk": 18,
   "fields": {
      "app_label": "emails",
      "model": "emailsendingfact"
   }
},
{
   "model": "contenttypes.contenttype",
   "pk": 19,
   "fields": {
      "app_label": "emails",
      "model": "emailtype"
   }
},
{
   "model": "sessions.session",
   "pk": "0j3yef4qcjtxahzckwl31bqt2cevjm88",
   "fields": {
      "session_data": "YTNlNzA4NDY1ZWJkZTI2ZGUyYjhiOWMyOWE3ZDVjMWU1ZWNkY2FmYTp7InNlc3Npb25fa2V5IjoxMjN9",
      "expire_date": "2017-09-03T13:33:21.200Z"
   }
},
{
   "model": "sessions.session",
   "pk": "gbeddm6bd95w6wyejp8cg6wbuoky49c4",
   "fields": {
      "session_data": "NmZjMDNlODU5ODk2MWI1ZDM2ZjBjMmRlMjE5YzI3ZWZhYTg2YjA4Mzp7InNlc3Npb25fa2V5IjoxMjMsIl9hdXRoX3VzZXJfaWQiOiIxIiwiX2F1dGhfdXNlcl9iYWNrZW5kIjoiZGphbmdvLmNvbnRyaWIuYXV0aC5iYWNrZW5kcy5Nb2RlbEJhY2tlbmQiLCJfYXV0aF91c2VyX2hhc2giOiI3MzM1ZDk2ZmU2MGU2YzA2NDIzNDk4NmQ0ZWQ4NTU3MDZhZjQ0NDdiIn0=",
      "expire_date": "2017-09-04T19:59:03.639Z"
   }
},
{
   "model": "sessions.session",
   "pk": "p1ii51zu961fk2qhrktjm4rfifgsbwf2",
   "fields": {
      "session_data": "YTNlNzA4NDY1ZWJkZTI2ZGUyYjhiOWMyOWE3ZDVjMWU1ZWNkY2FmYTp7InNlc3Npb25fa2V5IjoxMjN9",
      "expire_date": "2017-09-13T18:05:38.216Z"
   }
},
{
   "model": "sessions.session",
   "pk": "q1dl0lo4an8o2m7nv515uovssf58evdq",
   "fields": {
      "session_data": "YTNlNzA4NDY1ZWJkZTI2ZGUyYjhiOWMyOWE3ZDVjMWU1ZWNkY2FmYTp7InNlc3Npb25fa2V5IjoxMjN9",
      "expire_date": "2017-09-07T10:28:27.657Z"
   }
},
{
   "model": "sessions.session",
   "pk": "rh8fubyotm4q6kbsli9w31h171lyp0y3",
   "fields": {
      "session_data": "YjNhYTZlYjEzYTBiZGYxOTdmNjZmNzJmN2E2MGNjYTdiNjMzNGJkMzp7Il9hdXRoX3VzZXJfaWQiOiIxIiwiX2F1dGhfdXNlcl9iYWNrZW5kIjoiZGphbmdvLmNvbnRyaWIuYXV0aC5iYWNrZW5kcy5Nb2RlbEJhY2tlbmQiLCJfYXV0aF91c2VyX2hhc2giOiIwOThiYjcxMTMwMGRjMmFlNTMyNjZkNDc1MTkxYTQyMDBiZTE5NDNlIn0=",
      "expire_date": "2017-08-25T09:28:46.203Z"
   }
},
{
   "model": "sessions.session",
   "pk": "rklb9m0cbjtja2xpb9d0xxrjwj569vdf",
   "fields": {
      "session_data": "NmZjMDNlODU5ODk2MWI1ZDM2ZjBjMmRlMjE5YzI3ZWZhYTg2YjA4Mzp7InNlc3Npb25fa2V5IjoxMjMsIl9hdXRoX3VzZXJfaWQiOiIxIiwiX2F1dGhfdXNlcl9iYWNrZW5kIjoiZGphbmdvLmNvbnRyaWIuYXV0aC5iYWNrZW5kcy5Nb2RlbEJhY2tlbmQiLCJfYXV0aF91c2VyX2hhc2giOiI3MzM1ZDk2ZmU2MGU2YzA2NDIzNDk4NmQ0ZWQ4NTU3MDZhZjQ0NDdiIn0=",
      "expire_date": "2017-09-12T23:17:15.680Z"
   }
},
{
   "model": "sessions.session",
   "pk": "tkuneww512cvmc0nkfryhx7eqvc3ph0j",
   "fields": {
      "session_data": "YTNlNzA4NDY1ZWJkZTI2ZGUyYjhiOWMyOWE3ZDVjMWU1ZWNkY2FmYTp7InNlc3Npb25fa2V5IjoxMjN9",
      "expire_date": "2017-09-06T21:49:53.252Z"
   }
},
{
   "model": "sessions.session",
   "pk": "tv2se5qilpz6alp2ufsni4zu5eira59s",
   "fields": {
      "session_data": "YjNhYTZlYjEzYTBiZGYxOTdmNjZmNzJmN2E2MGNjYTdiNjMzNGJkMzp7Il9hdXRoX3VzZXJfaWQiOiIxIiwiX2F1dGhfdXNlcl9iYWNrZW5kIjoiZGphbmdvLmNvbnRyaWIuYXV0aC5iYWNrZW5kcy5Nb2RlbEJhY2tlbmQiLCJfYXV0aF91c2VyX2hhc2giOiIwOThiYjcxMTMwMGRjMmFlNTMyNjZkNDc1MTkxYTQyMDBiZTE5NDNlIn0=",
      "expire_date": "2017-08-24T16:06:06.532Z"
   }
},
{
   "model": "landing.subscriber",
   "pk": 1,
   "fields": {
      "email": "vlad.vv@ukr.net",
      "name": "sdfg"
   }
},
{
   "model": "landing.subscriber",
   "pk": 2,
   "fields": {
      "email": "goodpas@gmail.com",
      "name": ""
   }
},
{
   "model": "products.productcategory",
   "pk": 1,
   "fields": {
      "name": "\u0422\u0435\u043b\u0435\u0444\u043e\u043d\u044b",
      "is_active": true
   }
},
{
   "model": "products.productcategory",
   "pk": 2,
   "fields": {
      "name": "\u041d\u043e\u0443\u0442\u0431\u0443\u043a\u0438",
      "is_active": true
   }
},
{
   "model": "products.productcategory",
   "pk": 3,
   "fields": {
      "name": "\u0414\u0435\u0432\u0443\u0448\u043a\u0438",
      "is_active": true
   }
},
{
   "model": "products.product",
   "pk": 11,
   "fields": {
      "name": "IPAD",
      "price": "1000.10",
      "discount": 5,
      "category": 2,
      "short_description": "asddddddddddddddddddddddddddddasdasd",
      "description": "asdasdasdasdasdasd",
      "is_active": true,
      "created": "2017-08-22T14:03:04.459Z",
      "updated": "2017-08-22T14:03:04.459Z"
   }
},
{
   "model": "products.product",
   "pk": 12,
   "fields": {
      "name": "Good Notebook 12",
      "price": "2000.50",
      "discount": 10,
      "category": 2,
      "short_description": "Prestigio Smartbook 116A03 (PSB116A03BFW_MB_CIS) Black \u0421\u0443\u043f\u0435\u0440\u0446\u0435\u043d\u0430!!! + Microsoft OneDrive 100 \u0413\u0411 \r\n\u041f\u043e\u0434\u0440\u043e\u0431\u043d\u0435\u0435: https://rozetka.com.ua/prestigio_smartbook_116a03_psb116a03bfw_mb_cis/p12467534/",
      "description": "\u042d\u043a\u0440\u0430\u043d 11.6\" (1366x768) HD, \u043c\u0430\u0442\u043e\u0432\u044b\u0439 / Intel Atom Z3735F (1.33 - 1.83 \u0413\u0413\u0446) / RAM 2 \u0413\u0411 / eMMC 32 \u0413\u0411 / Intel HD Graphics / \u0431\u0435\u0437 \u041e\u0414 / Wi-Fi / Bluetooth / \u0432\u0435\u0431-\u043a\u0430\u043c\u0435\u0440\u0430 / Windows 10 / 1.13 \u043a\u0433 / \u0447\u0435\u0440\u043d\u044b\u0439\r\n\u041f\u043e\u0434\u0440\u043e\u0431\u043d\u0435\u0435: https://rozetka.com.ua/prestigio_smartbook_116a03_psb116a03bfw_mb_cis/p12467534/",
      "is_active": true,
      "created": "2017-08-22T14:08:14.854Z",
      "updated": "2017-08-22T23:54:16.468Z"
   }
},
{
   "model": "products.productimage",
   "pk": 15,
   "fields": {
      "product": 11,
      "image": "products_images/copy_msi_gt73vr_7re_titan_sli_9s7_17a121_643_58c6e62fb0ca6_images_1881366380.jpg",
      "is_main": true,
      "is_active": true,
      "created": "2017-08-22T14:03:04.473Z",
      "updated": "2017-08-22T14:03:04.473Z"
   }
},
{
   "model": "products.productimage",
   "pk": 16,
   "fields": {
      "product": 12,
      "image": "products_images/copy_msi_gt73vr_7re_titan_sli_9s7_17a121_643_58c6e62fb0ca6_images_188136_r4AHyBr.jpg",
      "is_main": true,
      "is_active": true,
      "created": "2017-08-22T14:08:14.869Z",
      "updated": "2017-08-22T14:08:14.869Z"
   }
},
{
   "model": "orders.status",
   "pk": 1,
   "fields": {
      "name": "On work",
      "is_active": true,
      "created": "2017-08-27T09:00:16.223Z",
      "updated": "2017-08-27T09:00:16.223Z"
   }
},
{
   "model": "orders.productinorder",
   "pk": 27,
   "fields": {
      "order": 23,
      "product": 12,
      "nmb": 3,
      "price_per_item": "2000.50",
      "total_price": "6001.50",
      "is_active": true,
      "created": "2017-08-27T09:02:06.763Z",
      "updated": "2017-08-27T09:02:06.763Z"
   }
},
{
   "model": "orders.productinorder",
   "pk": 28,
   "fields": {
      "order": 23,
      "product": 11,
      "nmb": 3,
      "price_per_item": "1000.10",
      "total_price": "3000.30",
      "is_active": true,
      "created": "2017-08-27T09:02:06.949Z",
      "updated": "2017-08-27T09:02:06.949Z"
   }
},
{
   "model": "orders.productinorder",
   "pk": 29,
   "fields": {
      "order": 24,
      "product": 12,
      "nmb": 2,
      "price_per_item": "2000.50",
      "total_price": "4001.00",
      "is_active": true,
      "created": "2017-08-27T15:30:56.439Z",
      "updated": "2017-08-27T15:30:56.439Z"
   }
},
{
   "model": "orders.productinorder",
   "pk": 30,
   "fields": {
      "order": 25,
      "product": 12,
      "nmb": 2,
      "price_per_item": "2000.50",
      "total_price": "4001.00",
      "is_active": true,
      "created": "2017-08-28T22:16:09.618Z",
      "updated": "2017-08-28T22:16:09.619Z"
   }
},
{
   "model": "orders.productinorder",
   "pk": 31,
   "fields": {
      "order": 26,
      "product": 12,
      "nmb": 3,
      "price_per_item": "2000.50",
      "total_price": "6001.50",
      "is_active": true,
      "created": "2017-08-28T22:18:37.040Z",
      "updated": "2017-08-28T22:18:37.040Z"
   }
},
{
   "model": "orders.productinorder",
   "pk": 32,
   "fields": {
      "order": 27,
      "product": 12,
      "nmb": 2,
      "price_per_item": "2000.50",
      "total_price": "4001.00",
      "is_active": true,
      "created": "2017-08-28T22:33:08.975Z",
      "updated": "2017-08-28T22:33:08.975Z"
   }
},
{
   "model": "orders.productinorder",
   "pk": 33,
   "fields": {
      "order": 28,
      "product": 12,
      "nmb": 2,
      "price_per_item": "2000.50",
      "total_price": "4001.00",
      "is_active": true,
      "created": "2017-08-28T22:40:16.453Z",
      "updated": "2017-08-28T22:40:16.453Z"
   }
},
{
   "model": "orders.productinorder",
   "pk": 34,
   "fields": {
      "order": 29,
      "product": 12,
      "nmb": 2,
      "price_per_item": "2000.50",
      "total_price": "4001.00",
      "is_active": true,
      "created": "2017-08-28T23:07:42.893Z",
      "updated": "2017-08-28T23:07:42.893Z"
   }
},
{
   "model": "orders.productinorder",
   "pk": 35,
   "fields": {
      "order": 30,
      "product": 11,
      "nmb": 2,
      "price_per_item": "1000.10",
      "total_price": "2000.20",
      "is_active": true,
      "created": "2017-08-28T23:11:57.456Z",
      "updated": "2017-08-28T23:11:57.456Z"
   }
},
{
   "model": "orders.productinorder",
   "pk": 36,
   "fields": {
      "order": 31,
      "product": 11,
      "nmb": 1,
      "price_per_item": "1000.10",
      "total_price": "1000.10",
      "is_active": true,
      "created": "2017-08-28T23:35:14.914Z",
      "updated": "2017-08-28T23:35:14.914Z"
   }
},
{
   "model": "orders.productinorder",
   "pk": 37,
   "fields": {
      "order": 31,
      "product": 12,
      "nmb": 1,
      "price_per_item": "2000.50",
      "total_price": "2000.50",
      "is_active": true,
      "created": "2017-08-28T23:35:15.132Z",
      "updated": "2017-08-28T23:35:15.132Z"
   }
},
{
   "model": "orders.productinorder",
   "pk": 38,
   "fields": {
      "order": 32,
      "product": 12,
      "nmb": 2,
      "price_per_item": "2000.50",
      "total_price": "4001.00",
      "is_active": true,
      "created": "2017-08-28T23:43:43.504Z",
      "updated": "2017-08-28T23:43:43.504Z"
   }
},
{
   "model": "orders.productinorder",
   "pk": 39,
   "fields": {
      "order": 33,
      "product": 12,
      "nmb": 2,
      "price_per_item": "2000.50",
      "total_price": "4001.00",
      "is_active": true,
      "created": "2017-08-29T00:03:24.186Z",
      "updated": "2017-08-29T00:03:24.186Z"
   }
},
{
   "model": "orders.productinorder",
   "pk": 40,
   "fields": {
      "order": 34,
      "product": 11,
      "nmb": 2,
      "price_per_item": "1000.10",
      "total_price": "2000.20",
      "is_active": true,
      "created": "2017-08-29T00:13:08.693Z",
      "updated": "2017-08-29T00:13:08.693Z"
   }
},
{
   "model": "orders.productinorder",
   "pk": 41,
   "fields": {
      "order": 34,
      "product": 12,
      "nmb": 2,
      "price_per_item": "2000.50",
      "total_price": "4001.00",
      "is_active": true,
      "created": "2017-08-29T00:13:08.882Z",
      "updated": "2017-08-29T00:13:08.882Z"
   }
},
{
   "model": "orders.productinorder",
   "pk": 42,
   "fields": {
      "order": 35,
      "product": 12,
      "nmb": 1,
      "price_per_item": "2000.50",
      "total_price": "2000.50",
      "is_active": true,
      "created": "2017-08-29T00:21:06.495Z",
      "updated": "2017-08-29T00:21:06.495Z"
   }
},
{
   "model": "orders.productinorder",
   "pk": 43,
   "fields": {
      "order": 35,
      "product": 11,
      "nmb": 1,
      "price_per_item": "1000.10",
      "total_price": "1000.10",
      "is_active": true,
      "created": "2017-08-29T00:21:06.717Z",
      "updated": "2017-08-29T00:21:06.717Z"
   }
},
{
   "model": "orders.productinorder",
   "pk": 44,
   "fields": {
      "order": 36,
      "product": 11,
      "nmb": 1,
      "price_per_item": "1000.10",
      "total_price": "1000.10",
      "is_active": true,
      "created": "2017-08-29T00:24:14.988Z",
      "updated": "2017-08-29T00:24:14.988Z"
   }
},
{
   "model": "orders.productinorder",
   "pk": 45,
   "fields": {
      "order": 36,
      "product": 12,
      "nmb": 1,
      "price_per_item": "2000.50",
      "total_price": "2000.50",
      "is_active": true,
      "created": "2017-08-29T00:24:15.192Z",
      "updated": "2017-08-29T00:24:15.192Z"
   }
},
{
   "model": "orders.productinorder",
   "pk": 46,
   "fields": {
      "order": 37,
      "product": 12,
      "nmb": 1,
      "price_per_item": "2000.50",
      "total_price": "2000.50",
      "is_active": true,
      "created": "2017-08-29T06:48:35.084Z",
      "updated": "2017-08-29T06:48:35.084Z"
   }
},
{
   "model": "orders.productinorder",
   "pk": 47,
   "fields": {
      "order": 37,
      "product": 11,
      "nmb": 1,
      "price_per_item": "1000.10",
      "total_price": "1000.10",
      "is_active": true,
      "created": "2017-08-29T06:48:35.270Z",
      "updated": "2017-08-29T06:48:35.270Z"
   }
},
{
   "model": "orders.productinorder",
   "pk": 48,
   "fields": {
      "order": 38,
      "product": 12,
      "nmb": 2,
      "price_per_item": "2000.50",
      "total_price": "4001.00",
      "is_active": true,
      "created": "2017-08-29T07:04:35.652Z",
      "updated": "2017-08-29T07:04:35.652Z"
   }
},
{
   "model": "orders.productinorder",
   "pk": 49,
   "fields": {
      "order": 38,
      "product": 11,
      "nmb": 3,
      "price_per_item": "1000.10",
      "total_price": "3000.30",
      "is_active": true,
      "created": "2017-08-29T07:04:35.840Z",
      "updated": "2017-08-29T07:04:35.840Z"
   }
},
{
   "model": "orders.productinorder",
   "pk": 50,
   "fields": {
      "order": 39,
      "product": 11,
      "nmb": 2,
      "price_per_item": "1000.10",
      "total_price": "2000.20",
      "is_active": true,
      "created": "2017-08-29T07:06:36.663Z",
      "updated": "2017-08-29T07:06:36.663Z"
   }
},
{
   "model": "orders.productinorder",
   "pk": 51,
   "fields": {
      "order": 39,
      "product": 12,
      "nmb": 3,
      "price_per_item": "2000.50",
      "total_price": "6001.50",
      "is_active": true,
      "created": "2017-08-29T07:06:36.863Z",
      "updated": "2017-08-29T07:26:18.694Z"
   }
},
{
   "model": "orders.productinorder",
   "pk": 52,
   "fields": {
      "order": 40,
      "product": 12,
      "nmb": 2,
      "price_per_item": "2000.50",
      "total_price": "4001.00",
      "is_active": true,
      "created": "2017-08-29T08:23:44.296Z",
      "updated": "2017-08-29T08:23:44.296Z"
   }
},
{
   "model": "orders.productinorder",
   "pk": 53,
   "fields": {
      "order": 40,
      "product": 11,
      "nmb": 1,
      "price_per_item": "1000.10",
      "total_price": "1000.10",
      "is_active": true,
      "created": "2017-08-29T08:23:44.476Z",
      "updated": "2017-08-29T08:23:44.476Z"
   }
},
{
   "model": "orders.productinorder",
   "pk": 54,
   "fields": {
      "order": 41,
      "product": 11,
      "nmb": 3,
      "price_per_item": "1000.10",
      "total_price": "3000.30",
      "is_active": true,
      "created": "2017-08-29T08:37:23.478Z",
      "updated": "2017-08-29T08:37:23.478Z"
   }
},
{
   "model": "orders.productinorder",
   "pk": 55,
   "fields": {
      "order": 41,
      "product": 12,
      "nmb": 3,
      "price_per_item": "2000.50",
      "total_price": "6001.50",
      "is_active": true,
      "created": "2017-08-29T08:37:23.681Z",
      "updated": "2017-08-29T08:37:23.681Z"
   }
},
{
   "model": "orders.productinorder",
   "pk": 56,
   "fields": {
      "order": 42,
      "product": 12,
      "nmb": 2,
      "price_per_item": "2000.50",
      "total_price": "4001.00",
      "is_active": true,
      "created": "2017-08-29T08:40:17.531Z",
      "updated": "2017-08-29T08:40:17.531Z"
   }
},
{
   "model": "orders.productinorder",
   "pk": 57,
   "fields": {
      "order": 43,
      "product": 12,
      "nmb": 1,
      "price_per_item": "2000.50",
      "total_price": "2000.50",
      "is_active": true,
      "created": "2017-08-29T08:41:22.103Z",
      "updated": "2017-08-29T08:41:22.103Z"
   }
},
{
   "model": "orders.productinorder",
   "pk": 58,
   "fields": {
      "order": 43,
      "product": 11,
      "nmb": 1,
      "price_per_item": "1000.10",
      "total_price": "1000.10",
      "is_active": true,
      "created": "2017-08-29T08:41:22.299Z",
      "updated": "2017-08-29T08:41:22.299Z"
   }
},
{
   "model": "orders.productinorder",
   "pk": 59,
   "fields": {
      "order": 44,
      "product": 12,
      "nmb": 2,
      "price_per_item": "2000.50",
      "total_price": "4001.00",
      "is_active": true,
      "created": "2017-08-29T08:42:09.974Z",
      "updated": "2017-08-29T08:42:09.974Z"
   }
},
{
   "model": "orders.productinorder",
   "pk": 60,
   "fields": {
      "order": 44,
      "product": 11,
      "nmb": 1,
      "price_per_item": "1000.10",
      "total_price": "1000.10",
      "is_active": true,
      "created": "2017-08-29T08:42:10.157Z",
      "updated": "2017-08-29T08:42:10.157Z"
   }
},
{
   "model": "orders.productinorder",
   "pk": 61,
   "fields": {
      "order": 45,
      "product": 12,
      "nmb": 1,
      "price_per_item": "2000.50",
      "total_price": "2000.50",
      "is_active": true,
      "created": "2017-08-29T08:49:09.938Z",
      "updated": "2017-08-29T08:49:09.938Z"
   }
},
{
   "model": "orders.productinorder",
   "pk": 62,
   "fields": {
      "order": 45,
      "product": 11,
      "nmb": 2,
      "price_per_item": "1000.10",
      "total_price": "2000.20",
      "is_active": true,
      "created": "2017-08-29T08:49:10.125Z",
      "updated": "2017-08-29T08:49:10.125Z"
   }
},
{
   "model": "orders.productinorder",
   "pk": 63,
   "fields": {
      "order": 46,
      "product": 12,
      "nmb": 2,
      "price_per_item": "2000.50",
      "total_price": "4001.00",
      "is_active": true,
      "created": "2017-08-29T08:51:32.111Z",
      "updated": "2017-08-29T08:51:32.111Z"
   }
},
{
   "model": "orders.productinorder",
   "pk": 64,
   "fields": {
      "order": 46,
      "product": 11,
      "nmb": 3,
      "price_per_item": "1000.10",
      "total_price": "3000.30",
      "is_active": true,
      "created": "2017-08-29T08:51:32.317Z",
      "updated": "2017-08-29T08:51:32.317Z"
   }
},
{
   "model": "orders.productinorder",
   "pk": 65,
   "fields": {
      "order": 47,
      "product": 12,
      "nmb": 2,
      "price_per_item": "2000.50",
      "total_price": "4001.00",
      "is_active": true,
      "created": "2017-08-29T08:56:28.000Z",
      "updated": "2017-08-29T08:56:28.000Z"
   }
},
{
   "model": "orders.productinorder",
   "pk": 66,
   "fields": {
      "order": 47,
      "product": 11,
      "nmb": 2,
      "price_per_item": "1000.10",
      "total_price": "2000.20",
      "is_active": true,
      "created": "2017-08-29T08:56:28.223Z",
      "updated": "2017-08-29T08:56:28.223Z"
   }
},
{
   "model": "orders.productinorder",
   "pk": 67,
   "fields": {
      "order": 48,
      "product": 12,
      "nmb": 3,
      "price_per_item": "2000.50",
      "total_price": "6001.50",
      "is_active": true,
      "created": "2017-08-29T09:40:23.114Z",
      "updated": "2017-08-29T09:40:23.114Z"
   }
},
{
   "model": "orders.productinorder",
   "pk": 68,
   "fields": {
      "order": 49,
      "product": 12,
      "nmb": 2,
      "price_per_item": "2000.50",
      "total_price": "4001.00",
      "is_active": true,
      "created": "2017-08-30T13:07:34.472Z",
      "updated": "2017-08-30T13:07:34.472Z"
   }
},
{
   "model": "orders.productinorder",
   "pk": 69,
   "fields": {
      "order": 49,
      "product": 11,
      "nmb": 1,
      "price_per_item": "1000.10",
      "total_price": "1000.10",
      "is_active": true,
      "created": "2017-08-30T13:07:34.697Z",
      "updated": "2017-08-30T13:07:34.697Z"
   }
},
{
   "model": "orders.productinorder",
   "pk": 70,
   "fields": {
      "order": 50,
      "product": 12,
      "nmb": 3,
      "price_per_item": "2000.50",
      "total_price": "6001.50",
      "is_active": true,
      "created": "2017-08-30T13:08:15.169Z",
      "updated": "2017-08-30T13:08:15.169Z"
   }
},
{
   "model": "orders.productinbasket",
   "pk": 132,
   "fields": {
      "session_key": "rklb9m0cbjtja2xpb9d0xxrjwj569vdf",
      "order": 23,
      "product": 12,
      "nmb": 3,
      "price_per_item": "2000.50",
      "total_price": "6001.50",
      "is_active": true,
      "created": "2017-08-27T09:01:38.943Z",
      "updated": "2017-08-27T09:02:06.705Z"
   }
},
{
   "model": "orders.productinbasket",
   "pk": 133,
   "fields": {
      "session_key": "rklb9m0cbjtja2xpb9d0xxrjwj569vdf",
      "order": 23,
      "product": 11,
      "nmb": 3,
      "price_per_item": "1000.10",
      "total_price": "3000.30",
      "is_active": true,
      "created": "2017-08-27T09:01:45.276Z",
      "updated": "2017-08-27T09:02:06.890Z"
   }
},
{
   "model": "orders.productinbasket",
   "pk": 134,
   "fields": {
      "session_key": "rklb9m0cbjtja2xpb9d0xxrjwj569vdf",
      "order": null,
      "product": 12,
      "nmb": 3,
      "price_per_item": "2000.50",
      "total_price": "6001.50",
      "is_active": false,
      "created": "2017-08-27T09:30:45.204Z",
      "updated": "2017-08-27T09:30:45.204Z"
   }
},
{
   "model": "orders.productinbasket",
   "pk": 135,
   "fields": {
      "session_key": "rklb9m0cbjtja2xpb9d0xxrjwj569vdf",
      "order": null,
      "product": 12,
      "nmb": 2,
      "price_per_item": "2000.50",
      "total_price": "4001.00",
      "is_active": false,
      "created": "2017-08-27T13:54:05.167Z",
      "updated": "2017-08-27T13:54:05.167Z"
   }
},
{
   "model": "orders.productinbasket",
   "pk": 136,
   "fields": {
      "session_key": "rklb9m0cbjtja2xpb9d0xxrjwj569vdf",
      "order": null,
      "product": 12,
      "nmb": 2,
      "price_per_item": "2000.50",
      "total_price": "4001.00",
      "is_active": false,
      "created": "2017-08-27T15:30:20.555Z",
      "updated": "2017-08-27T15:30:20.555Z"
   }
},
{
   "model": "orders.productinbasket",
   "pk": 137,
   "fields": {
      "session_key": "rklb9m0cbjtja2xpb9d0xxrjwj569vdf",
      "order": null,
      "product": 12,
      "nmb": 2,
      "price_per_item": "2000.50",
      "total_price": "4001.00",
      "is_active": false,
      "created": "2017-08-27T15:30:27.536Z",
      "updated": "2017-08-27T15:30:27.536Z"
   }
},
{
   "model": "orders.productinbasket",
   "pk": 138,
   "fields": {
      "session_key": "rklb9m0cbjtja2xpb9d0xxrjwj569vdf",
      "order": 24,
      "product": 12,
      "nmb": 2,
      "price_per_item": "2000.50",
      "total_price": "4001.00",
      "is_active": true,
      "created": "2017-08-27T15:30:42.733Z",
      "updated": "2017-08-27T15:30:56.380Z"
   }
},
{
   "model": "orders.productinbasket",
   "pk": 139,
   "fields": {
      "session_key": "rklb9m0cbjtja2xpb9d0xxrjwj569vdf",
      "order": null,
      "product": 12,
      "nmb": 2,
      "price_per_item": "2000.50",
      "total_price": "4001.00",
      "is_active": false,
      "created": "2017-08-27T15:41:18.084Z",
      "updated": "2017-08-27T15:41:18.084Z"
   }
},
{
   "model": "orders.productinbasket",
   "pk": 140,
   "fields": {
      "session_key": "rklb9m0cbjtja2xpb9d0xxrjwj569vdf",
      "order": null,
      "product": 11,
      "nmb": 2,
      "price_per_item": "1000.10",
      "total_price": "2000.20",
      "is_active": false,
      "created": "2017-08-27T16:26:25.939Z",
      "updated": "2017-08-27T16:26:33.393Z"
   }
},
{
   "model": "orders.productinbasket",
   "pk": 141,
   "fields": {
      "session_key": "rklb9m0cbjtja2xpb9d0xxrjwj569vdf",
      "order": null,
      "product": 12,
      "nmb": 6,
      "price_per_item": "2000.50",
      "total_price": "12003.00",
      "is_active": false,
      "created": "2017-08-27T16:26:29.488Z",
      "updated": "2017-08-27T16:33:38.421Z"
   }
},
{
   "model": "orders.productinbasket",
   "pk": 142,
   "fields": {
      "session_key": "rklb9m0cbjtja2xpb9d0xxrjwj569vdf",
      "order": null,
      "product": 12,
      "nmb": 4,
      "price_per_item": "2000.50",
      "total_price": "8002.00",
      "is_active": false,
      "created": "2017-08-27T16:33:47.307Z",
      "updated": "2017-08-27T16:33:54.433Z"
   }
},
{
   "model": "orders.productinbasket",
   "pk": 143,
   "fields": {
      "session_key": "rklb9m0cbjtja2xpb9d0xxrjwj569vdf",
      "order": null,
      "product": 12,
      "nmb": 1,
      "price_per_item": "2000.50",
      "total_price": "2000.50",
      "is_active": false,
      "created": "2017-08-27T16:40:36.140Z",
      "updated": "2017-08-27T16:40:36.140Z"
   }
},
{
   "model": "orders.productinbasket",
   "pk": 144,
   "fields": {
      "session_key": "rklb9m0cbjtja2xpb9d0xxrjwj569vdf",
      "order": null,
      "product": 11,
      "nmb": 1,
      "price_per_item": "1000.10",
      "total_price": "1000.10",
      "is_active": false,
      "created": "2017-08-27T16:40:40.418Z",
      "updated": "2017-08-27T16:40:40.418Z"
   }
},
{
   "model": "orders.productinbasket",
   "pk": 145,
   "fields": {
      "session_key": "rklb9m0cbjtja2xpb9d0xxrjwj569vdf",
      "order": null,
      "product": 12,
      "nmb": 1,
      "price_per_item": "2000.50",
      "total_price": "2000.50",
      "is_active": false,
      "created": "2017-08-27T16:46:06.798Z",
      "updated": "2017-08-27T16:46:06.798Z"
   }
},
{
   "model": "orders.productinbasket",
   "pk": 146,
   "fields": {
      "session_key": "rklb9m0cbjtja2xpb9d0xxrjwj569vdf",
      "order": null,
      "product": 12,
      "nmb": 2,
      "price_per_item": "2000.50",
      "total_price": "4001.00",
      "is_active": false,
      "created": "2017-08-27T17:10:48.087Z",
      "updated": "2017-08-27T17:14:26.163Z"
   }
},
{
   "model": "orders.productinbasket",
   "pk": 147,
   "fields": {
      "session_key": "rklb9m0cbjtja2xpb9d0xxrjwj569vdf",
      "order": null,
      "product": 11,
      "nmb": 1,
      "price_per_item": "1000.10",
      "total_price": "1000.10",
      "is_active": false,
      "created": "2017-08-27T17:14:29.322Z",
      "updated": "2017-08-27T17:14:29.322Z"
   }
},
{
   "model": "orders.productinbasket",
   "pk": 148,
   "fields": {
      "session_key": "rklb9m0cbjtja2xpb9d0xxrjwj569vdf",
      "order": null,
      "product": 12,
      "nmb": 2,
      "price_per_item": "2000.50",
      "total_price": "4001.00",
      "is_active": false,
      "created": "2017-08-27T17:16:49.006Z",
      "updated": "2017-08-27T19:29:06.781Z"
   }
},
{
   "model": "orders.productinbasket",
   "pk": 149,
   "fields": {
      "session_key": "rklb9m0cbjtja2xpb9d0xxrjwj569vdf",
      "order": null,
      "product": 11,
      "nmb": 2,
      "price_per_item": "1000.10",
      "total_price": "2000.20",
      "is_active": false,
      "created": "2017-08-27T17:16:51.243Z",
      "updated": "2017-08-27T17:16:53.379Z"
   }
},
{
   "model": "orders.productinbasket",
   "pk": 150,
   "fields": {
      "session_key": "rklb9m0cbjtja2xpb9d0xxrjwj569vdf",
      "order": null,
      "product": 12,
      "nmb": 8,
      "price_per_item": "2000.50",
      "total_price": "16004.00",
      "is_active": false,
      "created": "2017-08-27T19:30:23.999Z",
      "updated": "2017-08-27T19:50:27.270Z"
   }
},
{
   "model": "orders.productinbasket",
   "pk": 151,
   "fields": {
      "session_key": "rklb9m0cbjtja2xpb9d0xxrjwj569vdf",
      "order": null,
      "product": 11,
      "nmb": 2,
      "price_per_item": "1000.10",
      "total_price": "2000.20",
      "is_active": false,
      "created": "2017-08-27T19:30:27.656Z",
      "updated": "2017-08-27T19:30:32.185Z"
   }
},
{
   "model": "orders.productinbasket",
   "pk": 152,
   "fields": {
      "session_key": "rklb9m0cbjtja2xpb9d0xxrjwj569vdf",
      "order": 25,
      "product": 12,
      "nmb": 2,
      "price_per_item": "2000.50",
      "total_price": "4001.00",
      "is_active": true,
      "created": "2017-08-28T20:36:53.920Z",
      "updated": "2017-08-28T22:16:09.559Z"
   }
},
{
   "model": "orders.productinbasket",
   "pk": 153,
   "fields": {
      "session_key": "rklb9m0cbjtja2xpb9d0xxrjwj569vdf",
      "order": 26,
      "product": 12,
      "nmb": 3,
      "price_per_item": "2000.50",
      "total_price": "6001.50",
      "is_active": true,
      "created": "2017-08-28T22:18:25.322Z",
      "updated": "2017-08-28T22:18:36.984Z"
   }
},
{
   "model": "orders.productinbasket",
   "pk": 154,
   "fields": {
      "session_key": "rklb9m0cbjtja2xpb9d0xxrjwj569vdf",
      "order": 27,
      "product": 12,
      "nmb": 2,
      "price_per_item": "2000.50",
      "total_price": "4001.00",
      "is_active": true,
      "created": "2017-08-28T22:32:57.564Z",
      "updated": "2017-08-28T22:33:08.906Z"
   }
},
{
   "model": "orders.productinbasket",
   "pk": 155,
   "fields": {
      "session_key": "rklb9m0cbjtja2xpb9d0xxrjwj569vdf",
      "order": 28,
      "product": 12,
      "nmb": 2,
      "price_per_item": "2000.50",
      "total_price": "4001.00",
      "is_active": true,
      "created": "2017-08-28T22:40:05.980Z",
      "updated": "2017-08-28T22:40:16.385Z"
   }
},
{
   "model": "orders.productinbasket",
   "pk": 156,
   "fields": {
      "session_key": "rklb9m0cbjtja2xpb9d0xxrjwj569vdf",
      "order": 29,
      "product": 12,
      "nmb": 2,
      "price_per_item": "2000.50",
      "total_price": "4001.00",
      "is_active": true,
      "created": "2017-08-28T23:07:33.069Z",
      "updated": "2017-08-28T23:07:42.822Z"
   }
},
{
   "model": "orders.productinbasket",
   "pk": 157,
   "fields": {
      "session_key": "rklb9m0cbjtja2xpb9d0xxrjwj569vdf",
      "order": 30,
      "product": 11,
      "nmb": 2,
      "price_per_item": "1000.10",
      "total_price": "2000.20",
      "is_active": true,
      "created": "2017-08-28T23:11:36.789Z",
      "updated": "2017-08-28T23:11:57.398Z"
   }
},
{
   "model": "orders.productinbasket",
   "pk": 158,
   "fields": {
      "session_key": "rklb9m0cbjtja2xpb9d0xxrjwj569vdf",
      "order": 31,
      "product": 11,
      "nmb": 1,
      "price_per_item": "1000.10",
      "total_price": "1000.10",
      "is_active": true,
      "created": "2017-08-28T23:34:40.103Z",
      "updated": "2017-08-28T23:35:14.844Z"
   }
},
{
   "model": "orders.productinbasket",
   "pk": 159,
   "fields": {
      "session_key": "rklb9m0cbjtja2xpb9d0xxrjwj569vdf",
      "order": 31,
      "product": 12,
      "nmb": 1,
      "price_per_item": "2000.50",
      "total_price": "2000.50",
      "is_active": true,
      "created": "2017-08-28T23:34:40.774Z",
      "updated": "2017-08-28T23:35:15.040Z"
   }
},
{
   "model": "orders.productinbasket",
   "pk": 160,
   "fields": {
      "session_key": "rklb9m0cbjtja2xpb9d0xxrjwj569vdf",
      "order": 32,
      "product": 12,
      "nmb": 2,
      "price_per_item": "2000.50",
      "total_price": "4001.00",
      "is_active": true,
      "created": "2017-08-28T23:43:13.834Z",
      "updated": "2017-08-28T23:43:43.434Z"
   }
},
{
   "model": "orders.productinbasket",
   "pk": 161,
   "fields": {
      "session_key": "rklb9m0cbjtja2xpb9d0xxrjwj569vdf",
      "order": 33,
      "product": 12,
      "nmb": 2,
      "price_per_item": "2000.50",
      "total_price": "4001.00",
      "is_active": true,
      "created": "2017-08-29T00:03:09.452Z",
      "updated": "2017-08-29T00:03:24.112Z"
   }
},
{
   "model": "orders.productinbasket",
   "pk": 162,
   "fields": {
      "session_key": "rklb9m0cbjtja2xpb9d0xxrjwj569vdf",
      "order": 34,
      "product": 11,
      "nmb": 2,
      "price_per_item": "1000.10",
      "total_price": "2000.20",
      "is_active": true,
      "created": "2017-08-29T00:12:55.890Z",
      "updated": "2017-08-29T00:13:08.634Z"
   }
},
{
   "model": "orders.productinbasket",
   "pk": 163,
   "fields": {
      "session_key": "rklb9m0cbjtja2xpb9d0xxrjwj569vdf",
      "order": 34,
      "product": 12,
      "nmb": 2,
      "price_per_item": "2000.50",
      "total_price": "4001.00",
      "is_active": true,
      "created": "2017-08-29T00:12:56.548Z",
      "updated": "2017-08-29T00:13:08.821Z"
   }
},
{
   "model": "orders.productinbasket",
   "pk": 164,
   "fields": {
      "session_key": "rklb9m0cbjtja2xpb9d0xxrjwj569vdf",
      "order": 35,
      "product": 12,
      "nmb": 1,
      "price_per_item": "2000.50",
      "total_price": "2000.50",
      "is_active": true,
      "created": "2017-08-29T00:20:53.339Z",
      "updated": "2017-08-29T00:21:06.414Z"
   }
},
{
   "model": "orders.productinbasket",
   "pk": 165,
   "fields": {
      "session_key": "rklb9m0cbjtja2xpb9d0xxrjwj569vdf",
      "order": 35,
      "product": 11,
      "nmb": 1,
      "price_per_item": "1000.10",
      "total_price": "1000.10",
      "is_active": true,
      "created": "2017-08-29T00:20:54.295Z",
      "updated": "2017-08-29T00:21:06.648Z"
   }
},
{
   "model": "orders.productinbasket",
   "pk": 166,
   "fields": {
      "session_key": "rklb9m0cbjtja2xpb9d0xxrjwj569vdf",
      "order": 36,
      "product": 11,
      "nmb": 1,
      "price_per_item": "1000.10",
      "total_price": "1000.10",
      "is_active": true,
      "created": "2017-08-29T00:23:58.738Z",
      "updated": "2017-08-29T00:24:14.918Z"
   }
},
{
   "model": "orders.productinbasket",
   "pk": 167,
   "fields": {
      "session_key": "rklb9m0cbjtja2xpb9d0xxrjwj569vdf",
      "order": 36,
      "product": 12,
      "nmb": 1,
      "price_per_item": "2000.50",
      "total_price": "2000.50",
      "is_active": true,
      "created": "2017-08-29T00:23:59.555Z",
      "updated": "2017-08-29T00:24:15.123Z"
   }
},
{
   "model": "orders.productinbasket",
   "pk": 168,
   "fields": {
      "session_key": "rklb9m0cbjtja2xpb9d0xxrjwj569vdf",
      "order": 37,
      "product": 12,
      "nmb": 1,
      "price_per_item": "2000.50",
      "total_price": "2000.50",
      "is_active": true,
      "created": "2017-08-29T06:48:10.697Z",
      "updated": "2017-08-29T06:48:35.023Z"
   }
},
{
   "model": "orders.productinbasket",
   "pk": 169,
   "fields": {
      "session_key": "rklb9m0cbjtja2xpb9d0xxrjwj569vdf",
      "order": 37,
      "product": 11,
      "nmb": 1,
      "price_per_item": "1000.10",
      "total_price": "1000.10",
      "is_active": true,
      "created": "2017-08-29T06:48:11.515Z",
      "updated": "2017-08-29T06:48:35.211Z"
   }
},
{
   "model": "orders.productinbasket",
   "pk": 170,
   "fields": {
      "session_key": "rklb9m0cbjtja2xpb9d0xxrjwj569vdf",
      "order": 38,
      "product": 12,
      "nmb": 2,
      "price_per_item": "2000.50",
      "total_price": "4001.00",
      "is_active": true,
      "created": "2017-08-29T07:04:17.701Z",
      "updated": "2017-08-29T07:04:35.594Z"
   }
},
{
   "model": "orders.productinbasket",
   "pk": 171,
   "fields": {
      "session_key": "rklb9m0cbjtja2xpb9d0xxrjwj569vdf",
      "order": 38,
      "product": 11,
      "nmb": 3,
      "price_per_item": "1000.10",
      "total_price": "3000.30",
      "is_active": true,
      "created": "2017-08-29T07:04:18.907Z",
      "updated": "2017-08-29T07:04:35.779Z"
   }
},
{
   "model": "orders.productinbasket",
   "pk": 172,
   "fields": {
      "session_key": "rklb9m0cbjtja2xpb9d0xxrjwj569vdf",
      "order": 39,
      "product": 11,
      "nmb": 2,
      "price_per_item": "1000.10",
      "total_price": "2000.20",
      "is_active": true,
      "created": "2017-08-29T07:06:22.903Z",
      "updated": "2017-08-29T07:06:36.603Z"
   }
},
{
   "model": "orders.productinbasket",
   "pk": 173,
   "fields": {
      "session_key": "rklb9m0cbjtja2xpb9d0xxrjwj569vdf",
      "order": 39,
      "product": 12,
      "nmb": 3,
      "price_per_item": "2000.50",
      "total_price": "6001.50",
      "is_active": true,
      "created": "2017-08-29T07:06:24.023Z",
      "updated": "2017-08-29T07:06:36.790Z"
   }
},
{
   "model": "orders.productinbasket",
   "pk": 174,
   "fields": {
      "session_key": "rklb9m0cbjtja2xpb9d0xxrjwj569vdf",
      "order": 40,
      "product": 12,
      "nmb": 2,
      "price_per_item": "2000.50",
      "total_price": "4001.00",
      "is_active": true,
      "created": "2017-08-29T08:23:30.898Z",
      "updated": "2017-08-29T08:23:44.206Z"
   }
},
{
   "model": "orders.productinbasket",
   "pk": 175,
   "fields": {
      "session_key": "rklb9m0cbjtja2xpb9d0xxrjwj569vdf",
      "order": 40,
      "product": 11,
      "nmb": 1,
      "price_per_item": "1000.10",
      "total_price": "1000.10",
      "is_active": true,
      "created": "2017-08-29T08:23:31.534Z",
      "updated": "2017-08-29T08:23:44.415Z"
   }
},
{
   "model": "orders.productinbasket",
   "pk": 176,
   "fields": {
      "session_key": "rklb9m0cbjtja2xpb9d0xxrjwj569vdf",
      "order": 41,
      "product": 11,
      "nmb": 3,
      "price_per_item": "1000.10",
      "total_price": "3000.30",
      "is_active": true,
      "created": "2017-08-29T08:37:11.316Z",
      "updated": "2017-08-29T08:37:23.416Z"
   }
},
{
   "model": "orders.productinbasket",
   "pk": 177,
   "fields": {
      "session_key": "rklb9m0cbjtja2xpb9d0xxrjwj569vdf",
      "order": 41,
      "product": 12,
      "nmb": 3,
      "price_per_item": "2000.50",
      "total_price": "6001.50",
      "is_active": true,
      "created": "2017-08-29T08:37:12.711Z",
      "updated": "2017-08-29T08:37:23.616Z"
   }
},
{
   "model": "orders.productinbasket",
   "pk": 178,
   "fields": {
      "session_key": "rklb9m0cbjtja2xpb9d0xxrjwj569vdf",
      "order": 42,
      "product": 12,
      "nmb": 2,
      "price_per_item": "2000.50",
      "total_price": "4001.00",
      "is_active": true,
      "created": "2017-08-29T08:40:05.306Z",
      "updated": "2017-08-29T08:40:17.389Z"
   }
},
{
   "model": "orders.productinbasket",
   "pk": 179,
   "fields": {
      "session_key": "rklb9m0cbjtja2xpb9d0xxrjwj569vdf",
      "order": 43,
      "product": 12,
      "nmb": 1,
      "price_per_item": "2000.50",
      "total_price": "2000.50",
      "is_active": true,
      "created": "2017-08-29T08:41:10.440Z",
      "updated": "2017-08-29T08:41:22.044Z"
   }
},
{
   "model": "orders.productinbasket",
   "pk": 180,
   "fields": {
      "session_key": "rklb9m0cbjtja2xpb9d0xxrjwj569vdf",
      "order": 43,
      "product": 11,
      "nmb": 1,
      "price_per_item": "1000.10",
      "total_price": "1000.10",
      "is_active": true,
      "created": "2017-08-29T08:41:11.191Z",
      "updated": "2017-08-29T08:41:22.239Z"
   }
},
{
   "model": "orders.productinbasket",
   "pk": 181,
   "fields": {
      "session_key": "rklb9m0cbjtja2xpb9d0xxrjwj569vdf",
      "order": 44,
      "product": 12,
      "nmb": 2,
      "price_per_item": "2000.50",
      "total_price": "4001.00",
      "is_active": true,
      "created": "2017-08-29T08:41:57.530Z",
      "updated": "2017-08-29T08:42:09.882Z"
   }
},
{
   "model": "orders.productinbasket",
   "pk": 182,
   "fields": {
      "session_key": "rklb9m0cbjtja2xpb9d0xxrjwj569vdf",
      "order": 44,
      "product": 11,
      "nmb": 1,
      "price_per_item": "1000.10",
      "total_price": "1000.10",
      "is_active": true,
      "created": "2017-08-29T08:41:59.030Z",
      "updated": "2017-08-29T08:42:10.099Z"
   }
},
{
   "model": "orders.productinbasket",
   "pk": 183,
   "fields": {
      "session_key": "rklb9m0cbjtja2xpb9d0xxrjwj569vdf",
      "order": 45,
      "product": 12,
      "nmb": 1,
      "price_per_item": "2000.50",
      "total_price": "2000.50",
      "is_active": true,
      "created": "2017-08-29T08:48:57.034Z",
      "updated": "2017-08-29T08:49:09.878Z"
   }
},
{
   "model": "orders.productinbasket",
   "pk": 184,
   "fields": {
      "session_key": "rklb9m0cbjtja2xpb9d0xxrjwj569vdf",
      "order": 45,
      "product": 11,
      "nmb": 2,
      "price_per_item": "1000.10",
      "total_price": "2000.20",
      "is_active": true,
      "created": "2017-08-29T08:48:58.061Z",
      "updated": "2017-08-29T08:49:10.064Z"
   }
},
{
   "model": "orders.productinbasket",
   "pk": 185,
   "fields": {
      "session_key": "rklb9m0cbjtja2xpb9d0xxrjwj569vdf",
      "order": 46,
      "product": 12,
      "nmb": 2,
      "price_per_item": "2000.50",
      "total_price": "4001.00",
      "is_active": true,
      "created": "2017-08-29T08:51:21.336Z",
      "updated": "2017-08-29T08:51:32.046Z"
   }
},
{
   "model": "orders.productinbasket",
   "pk": 186,
   "fields": {
      "session_key": "rklb9m0cbjtja2xpb9d0xxrjwj569vdf",
      "order": 46,
      "product": 11,
      "nmb": 3,
      "price_per_item": "1000.10",
      "total_price": "3000.30",
      "is_active": true,
      "created": "2017-08-29T08:51:22.210Z",
      "updated": "2017-08-29T08:51:32.254Z"
   }
},
{
   "model": "orders.productinbasket",
   "pk": 187,
   "fields": {
      "session_key": "rklb9m0cbjtja2xpb9d0xxrjwj569vdf",
      "order": 47,
      "product": 12,
      "nmb": 2,
      "price_per_item": "2000.50",
      "total_price": "4001.00",
      "is_active": true,
      "created": "2017-08-29T08:54:59.698Z",
      "updated": "2017-08-29T08:56:27.941Z"
   }
},
{
   "model": "orders.productinbasket",
   "pk": 188,
   "fields": {
      "session_key": "rklb9m0cbjtja2xpb9d0xxrjwj569vdf",
      "order": 47,
      "product": 11,
      "nmb": 2,
      "price_per_item": "1000.10",
      "total_price": "2000.20",
      "is_active": true,
      "created": "2017-08-29T08:55:00.871Z",
      "updated": "2017-08-29T08:56:28.161Z"
   }
},
{
   "model": "orders.productinbasket",
   "pk": 189,
   "fields": {
      "session_key": "rklb9m0cbjtja2xpb9d0xxrjwj569vdf",
      "order": 48,
      "product": 12,
      "nmb": 3,
      "price_per_item": "2000.50",
      "total_price": "6001.50",
      "is_active": true,
      "created": "2017-08-29T09:40:06.863Z",
      "updated": "2017-08-29T09:40:23.055Z"
   }
},
{
   "model": "orders.productinbasket",
   "pk": 190,
   "fields": {
      "session_key": "rklb9m0cbjtja2xpb9d0xxrjwj569vdf",
      "order": null,
      "product": 12,
      "nmb": 1,
      "price_per_item": "2000.50",
      "total_price": "2000.50",
      "is_active": false,
      "created": "2017-08-29T09:46:52.148Z",
      "updated": "2017-08-29T09:46:52.148Z"
   }
},
{
   "model": "orders.productinbasket",
   "pk": 191,
   "fields": {
      "session_key": "rklb9m0cbjtja2xpb9d0xxrjwj569vdf",
      "order": null,
      "product": 11,
      "nmb": 1,
      "price_per_item": "1000.10",
      "total_price": "1000.10",
      "is_active": false,
      "created": "2017-08-29T09:46:52.956Z",
      "updated": "2017-08-29T09:46:52.956Z"
   }
},
{
   "model": "orders.productinbasket",
   "pk": 192,
   "fields": {
      "session_key": "rklb9m0cbjtja2xpb9d0xxrjwj569vdf",
      "order": null,
      "product": 11,
      "nmb": 1,
      "price_per_item": "1000.10",
      "total_price": "1000.10",
      "is_active": false,
      "created": "2017-08-29T11:35:38.420Z",
      "updated": "2017-08-29T11:35:38.420Z"
   }
},
{
   "model": "orders.productinbasket",
   "pk": 193,
   "fields": {
      "session_key": "rklb9m0cbjtja2xpb9d0xxrjwj569vdf",
      "order": null,
      "product": 11,
      "nmb": 1,
      "price_per_item": "1000.10",
      "total_price": "1000.10",
      "is_active": false,
      "created": "2017-08-29T13:55:15.638Z",
      "updated": "2017-08-29T13:55:15.638Z"
   }
},
{
   "model": "orders.productinbasket",
   "pk": 194,
   "fields": {
      "session_key": "rklb9m0cbjtja2xpb9d0xxrjwj569vdf",
      "order": null,
      "product": 12,
      "nmb": 2,
      "price_per_item": "2000.50",
      "total_price": "4001.00",
      "is_active": false,
      "created": "2017-08-29T15:54:09.260Z",
      "updated": "2017-08-29T15:54:12.454Z"
   }
},
{
   "model": "orders.productinbasket",
   "pk": 195,
   "fields": {
      "session_key": "rklb9m0cbjtja2xpb9d0xxrjwj569vdf",
      "order": null,
      "product": 11,
      "nmb": 2,
      "price_per_item": "1000.10",
      "total_price": "2000.20",
      "is_active": false,
      "created": "2017-08-29T15:54:10.312Z",
      "updated": "2017-08-29T15:54:13.806Z"
   }
},
{
   "model": "orders.productinbasket",
   "pk": 196,
   "fields": {
      "session_key": "rklb9m0cbjtja2xpb9d0xxrjwj569vdf",
      "order": null,
      "product": 12,
      "nmb": 2,
      "price_per_item": "2000.50",
      "total_price": "4001.00",
      "is_active": false,
      "created": "2017-08-29T16:05:51.298Z",
      "updated": "2017-08-29T16:05:51.298Z"
   }
},
{
   "model": "orders.productinbasket",
   "pk": 197,
   "fields": {
      "session_key": "rklb9m0cbjtja2xpb9d0xxrjwj569vdf",
      "order": null,
      "product": 12,
      "nmb": 2,
      "price_per_item": "2000.50",
      "total_price": "4001.00",
      "is_active": false,
      "created": "2017-08-29T22:11:43.185Z",
      "updated": "2017-08-29T22:11:43.578Z"
   }
},
{
   "model": "orders.productinbasket",
   "pk": 198,
   "fields": {
      "session_key": "rklb9m0cbjtja2xpb9d0xxrjwj569vdf",
      "order": 49,
      "product": 12,
      "nmb": 2,
      "price_per_item": "2000.50",
      "total_price": "4001.00",
      "is_active": true,
      "created": "2017-08-30T13:07:15.868Z",
      "updated": "2017-08-30T13:07:34.326Z"
   }
},
{
   "model": "orders.productinbasket",
   "pk": 199,
   "fields": {
      "session_key": "rklb9m0cbjtja2xpb9d0xxrjwj569vdf",
      "order": 49,
      "product": 11,
      "nmb": 1,
      "price_per_item": "1000.10",
      "total_price": "1000.10",
      "is_active": true,
      "created": "2017-08-30T13:07:16.450Z",
      "updated": "2017-08-30T13:07:34.628Z"
   }
},
{
   "model": "orders.productinbasket",
   "pk": 200,
   "fields": {
      "session_key": "rklb9m0cbjtja2xpb9d0xxrjwj569vdf",
      "order": 50,
      "product": 12,
      "nmb": 3,
      "price_per_item": "2000.50",
      "total_price": "6001.50",
      "is_active": true,
      "created": "2017-08-30T13:08:06.722Z",
      "updated": "2017-08-30T13:08:15.100Z"
   }
},
{
   "model": "privacy.privacypolicy",
   "pk": 1,
   "fields": {
      "text": "<p style=\"text-align: center; \"><span style=\"font-size: 36px; background-color: rgb(239, 239, 239);\">\u041f\u0440\u0438\u0432\u0435\u0442</span></p><p style=\"text-align: center; \"><b><span style=\"font-size: 24px;\">\u041f\u043e\u043b\u0438\u0442\u0438\u043a\u0430 \u043a\u043e\u043d\u0444\u0438\u0434\u0435\u043d\u0446\u0438\u0430\u043b\u044c\u043d\u043e\u0441\u0442\u0438 \u0438\u043d\u0442\u0435\u0440\u043d\u0435\u0442 \u043c\u0430\u0433\u0430\u0437\u0438\u043d\u0430</span></b></p>",
      "is_active": true,
      "created": "2017-08-28T15:34:05.303Z",
      "updated": "2017-08-28T15:34:05.303Z"
   }
},
{
   "model": "emails.emailtype",
   "pk": 1,
   "fields": {
      "name": "\u0423\u0432\u0435\u0434\u043e\u043c\u043b\u0435\u043d\u0438\u0435 \u0430\u0434\u043c\u0438\u043d\u0438\u0441\u0442\u0440\u0430\u0442\u043e\u0440\u0443",
      "is_active": true,
      "created": "2017-08-28T22:29:52.290Z",
      "updated": "2017-08-28T22:29:49Z"
   }
},
{
   "model": "emails.emailtype",
   "pk": 2,
   "fields": {
      "name": "\u0423\u0432\u0435\u0434\u043e\u043c\u043b\u0435\u043d\u0438\u0435 \u043a\u043b\u0438\u0435\u043d\u0442\u0443",
      "is_active": true,
      "created": "2017-08-28T22:30:07.394Z",
      "updated": "2017-08-28T22:30:06Z"
   }
},
{
   "model": "emails.emailsendingfact",
   "pk": 5,
   "fields": {
      "type": 1,
      "order": 27,
      "email": "setupvlad@gmail.com",
      "created": "2017-08-28T22:33:10.691Z",
      "updated": "2017-08-28T22:33:10.691Z"
   }
},
{
   "model": "emails.emailsendingfact",
   "pk": 6,
   "fields": {
      "type": 2,
      "order": 27,
      "email": "setupvlad@gmail.com",
      "created": "2017-08-28T22:33:11.485Z",
      "updated": "2017-08-28T22:33:11.485Z"
   }
},
{
   "model": "emails.emailsendingfact",
   "pk": 7,
   "fields": {
      "type": 1,
      "order": 29,
      "email": "setupvlad@gmail.com",
      "created": "2017-08-28T23:07:44.943Z",
      "updated": "2017-08-28T23:07:44.943Z"
   }
},
{
   "model": "emails.emailsendingfact",
   "pk": 8,
   "fields": {
      "type": 2,
      "order": 29,
      "email": "setupvlad@gmail.com",
      "created": "2017-08-28T23:07:46.307Z",
      "updated": "2017-08-28T23:07:46.307Z"
   }
},
{
   "model": "emails.emailsendingfact",
   "pk": 9,
   "fields": {
      "type": 1,
      "order": 30,
      "email": "vlad.vv@ukr.net",
      "created": "2017-08-28T23:11:59.294Z",
      "updated": "2017-08-28T23:11:59.294Z"
   }
},
{
   "model": "emails.emailsendingfact",
   "pk": 10,
   "fields": {
      "type": 2,
      "order": 30,
      "email": "vlad.vv@ukr.net",
      "created": "2017-08-28T23:12:00.785Z",
      "updated": "2017-08-28T23:12:00.785Z"
   }
},
{
   "model": "emails.emailsendingfact",
   "pk": 11,
   "fields": {
      "type": 1,
      "order": 31,
      "email": "vlad.vv@ukr.net",
      "created": "2017-08-28T23:35:16.971Z",
      "updated": "2017-08-28T23:35:16.971Z"
   }
},
{
   "model": "emails.emailsendingfact",
   "pk": 12,
   "fields": {
      "type": 2,
      "order": 31,
      "email": "vlad.vv@ukr.net",
      "created": "2017-08-28T23:35:18.494Z",
      "updated": "2017-08-28T23:35:18.494Z"
   }
},
{
   "model": "emails.emailsendingfact",
   "pk": 13,
   "fields": {
      "type": 1,
      "order": 32,
      "email": "vlad.vv@ukr.net",
      "created": "2017-08-28T23:43:45.054Z",
      "updated": "2017-08-28T23:43:45.054Z"
   }
},
{
   "model": "emails.emailsendingfact",
   "pk": 14,
   "fields": {
      "type": 2,
      "order": 32,
      "email": "vlad.vv@ukr.net",
      "created": "2017-08-28T23:43:46.530Z",
      "updated": "2017-08-28T23:43:46.530Z"
   }
},
{
   "model": "emails.emailsendingfact",
   "pk": 15,
   "fields": {
      "type": 1,
      "order": 33,
      "email": "vlad.vv@ukr.net",
      "created": "2017-08-29T00:03:26.543Z",
      "updated": "2017-08-29T00:03:26.543Z"
   }
},
{
   "model": "emails.emailsendingfact",
   "pk": 16,
   "fields": {
      "type": 2,
      "order": 33,
      "email": "vikavik2323@gmail.com",
      "created": "2017-08-29T00:03:27.938Z",
      "updated": "2017-08-29T00:03:27.938Z"
   }
},
{
   "model": "emails.emailsendingfact",
   "pk": 17,
   "fields": {
      "type": 1,
      "order": 34,
      "email": "vlad.vv@ukr.net",
      "created": "2017-08-29T00:13:10.373Z",
      "updated": "2017-08-29T00:13:10.373Z"
   }
},
{
   "model": "emails.emailsendingfact",
   "pk": 18,
   "fields": {
      "type": 2,
      "order": 34,
      "email": "vikavik2323@gmail.com",
      "created": "2017-08-29T00:13:11.790Z",
      "updated": "2017-08-29T00:13:11.791Z"
   }
},
{
   "model": "emails.emailsendingfact",
   "pk": 19,
   "fields": {
      "type": 1,
      "order": 35,
      "email": "vlad.vv@ukr.net",
      "created": "2017-08-29T00:21:08.727Z",
      "updated": "2017-08-29T00:21:08.727Z"
   }
},
{
   "model": "emails.emailsendingfact",
   "pk": 20,
   "fields": {
      "type": 2,
      "order": 35,
      "email": "vikavik2323@gmail.com",
      "created": "2017-08-29T00:21:10.091Z",
      "updated": "2017-08-29T00:21:10.091Z"
   }
},
{
   "model": "emails.emailsendingfact",
   "pk": 21,
   "fields": {
      "type": 1,
      "order": 36,
      "email": "vlad.vv@ukr.net",
      "created": "2017-08-29T00:24:16.959Z",
      "updated": "2017-08-29T00:24:16.959Z"
   }
},
{
   "model": "emails.emailsendingfact",
   "pk": 22,
   "fields": {
      "type": 2,
      "order": 36,
      "email": "vikavik2323@gmail.com",
      "created": "2017-08-29T00:24:18.667Z",
      "updated": "2017-08-29T00:24:18.667Z"
   }
},
{
   "model": "emails.emailsendingfact",
   "pk": 23,
   "fields": {
      "type": 1,
      "order": 37,
      "email": "vlad.vv@ukr.net",
      "created": "2017-08-29T06:48:37.505Z",
      "updated": "2017-08-29T06:48:37.505Z"
   }
},
{
   "model": "emails.emailsendingfact",
   "pk": 24,
   "fields": {
      "type": 2,
      "order": 37,
      "email": "vikavik2323@gmail.com",
      "created": "2017-08-29T06:48:38.863Z",
      "updated": "2017-08-29T06:48:38.863Z"
   }
},
{
   "model": "emails.emailsendingfact",
   "pk": 25,
   "fields": {
      "type": 1,
      "order": 38,
      "email": "vlad.vv@ukr.net",
      "created": "2017-08-29T07:04:38.012Z",
      "updated": "2017-08-29T07:04:38.012Z"
   }
},
{
   "model": "emails.emailsendingfact",
   "pk": 26,
   "fields": {
      "type": 1,
      "order": 39,
      "email": "vlad.vv@ukr.net",
      "created": "2017-08-29T07:06:38.798Z",
      "updated": "2017-08-29T07:06:38.798Z"
   }
},
{
   "model": "emails.emailsendingfact",
   "pk": 27,
   "fields": {
      "type": 2,
      "order": 39,
      "email": "vikavik2323@gmail.com",
      "created": "2017-08-29T07:06:40.325Z",
      "updated": "2017-08-29T07:06:40.325Z"
   }
},
{
   "model": "emails.emailsendingfact",
   "pk": 28,
   "fields": {
      "type": 1,
      "order": 40,
      "email": "vlad.vv@ukr.net",
      "created": "2017-08-29T08:23:47.674Z",
      "updated": "2017-08-29T08:23:47.674Z"
   }
},
{
   "model": "emails.emailsendingfact",
   "pk": 29,
   "fields": {
      "type": 2,
      "order": 40,
      "email": "vikavik2323@gmail.com",
      "created": "2017-08-29T08:23:49.078Z",
      "updated": "2017-08-29T08:23:49.078Z"
   }
},
{
   "model": "emails.emailsendingfact",
   "pk": 30,
   "fields": {
      "type": 1,
      "order": 41,
      "email": "vlad.vv@ukr.net",
      "created": "2017-08-29T08:37:26.014Z",
      "updated": "2017-08-29T08:37:26.014Z"
   }
},
{
   "model": "emails.emailsendingfact",
   "pk": 31,
   "fields": {
      "type": 2,
      "order": 41,
      "email": "vikavik2323@gmail.com",
      "created": "2017-08-29T08:37:27.435Z",
      "updated": "2017-08-29T08:37:27.435Z"
   }
},
{
   "model": "emails.emailsendingfact",
   "pk": 32,
   "fields": {
      "type": 1,
      "order": 42,
      "email": "vlad.vv@ukr.net",
      "created": "2017-08-29T08:40:19.360Z",
      "updated": "2017-08-29T08:40:19.361Z"
   }
},
{
   "model": "emails.emailsendingfact",
   "pk": 33,
   "fields": {
      "type": 2,
      "order": 42,
      "email": "vikavik2323@gmail.com",
      "created": "2017-08-29T08:40:20.849Z",
      "updated": "2017-08-29T08:40:20.849Z"
   }
},
{
   "model": "emails.emailsendingfact",
   "pk": 34,
   "fields": {
      "type": 1,
      "order": 43,
      "email": "vlad.vv@ukr.net",
      "created": "2017-08-29T08:41:24.154Z",
      "updated": "2017-08-29T08:41:24.154Z"
   }
},
{
   "model": "emails.emailsendingfact",
   "pk": 35,
   "fields": {
      "type": 2,
      "order": 43,
      "email": "vikavik2323@gmail.com",
      "created": "2017-08-29T08:41:25.579Z",
      "updated": "2017-08-29T08:41:25.579Z"
   }
},
{
   "model": "emails.emailsendingfact",
   "pk": 36,
   "fields": {
      "type": 1,
      "order": 44,
      "email": "vlad.vv@ukr.net",
      "created": "2017-08-29T08:42:11.924Z",
      "updated": "2017-08-29T08:42:11.924Z"
   }
},
{
   "model": "emails.emailsendingfact",
   "pk": 37,
   "fields": {
      "type": 2,
      "order": 44,
      "email": "vikavik2323@gmail.com",
      "created": "2017-08-29T08:42:13.317Z",
      "updated": "2017-08-29T08:42:13.317Z"
   }
},
{
   "model": "emails.emailsendingfact",
   "pk": 38,
   "fields": {
      "type": 1,
      "order": 45,
      "email": "vlad.vv@ukr.net",
      "created": "2017-08-29T08:49:12.298Z",
      "updated": "2017-08-29T08:49:12.298Z"
   }
},
{
   "model": "emails.emailsendingfact",
   "pk": 39,
   "fields": {
      "type": 2,
      "order": 45,
      "email": "vikavik2323@gmail.com",
      "created": "2017-08-29T08:49:13.638Z",
      "updated": "2017-08-29T08:49:13.638Z"
   }
},
{
   "model": "emails.emailsendingfact",
   "pk": 40,
   "fields": {
      "type": 1,
      "order": 46,
      "email": "vlad.vv@ukr.net",
      "created": "2017-08-29T08:51:34.207Z",
      "updated": "2017-08-29T08:51:34.207Z"
   }
},
{
   "model": "emails.emailsendingfact",
   "pk": 41,
   "fields": {
      "type": 2,
      "order": 46,
      "email": "vikavik2323@gmail.com",
      "created": "2017-08-29T08:51:35.678Z",
      "updated": "2017-08-29T08:51:35.678Z"
   }
},
{
   "model": "emails.emailsendingfact",
   "pk": 42,
   "fields": {
      "type": 1,
      "order": 47,
      "email": "vlad.vv@ukr.net",
      "created": "2017-08-29T08:56:30.176Z",
      "updated": "2017-08-29T08:56:30.176Z"
   }
},
{
   "model": "emails.emailsendingfact",
   "pk": 43,
   "fields": {
      "type": 2,
      "order": 47,
      "email": "vikavik2323@gmail.com",
      "created": "2017-08-29T08:56:31.848Z",
      "updated": "2017-08-29T08:56:31.848Z"
   }
},
{
   "model": "emails.emailsendingfact",
   "pk": 44,
   "fields": {
      "type": 1,
      "order": 48,
      "email": "vlad.vv@ukr.net",
      "created": "2017-08-29T09:40:25.437Z",
      "updated": "2017-08-29T09:40:25.437Z"
   }
},
{
   "model": "emails.emailsendingfact",
   "pk": 45,
   "fields": {
      "type": 2,
      "order": 48,
      "email": "vlad.vv@ukr.net",
      "created": "2017-08-29T09:40:26.878Z",
      "updated": "2017-08-29T09:40:26.878Z"
   }
},
{
   "model": "emails.emailsendingfact",
   "pk": 46,
   "fields": {
      "type": 1,
      "order": 49,
      "email": "vlad.vv@ukr.net",
      "created": "2017-08-30T13:07:37.918Z",
      "updated": "2017-08-30T13:07:37.918Z"
   }
},
{
   "model": "emails.emailsendingfact",
   "pk": 47,
   "fields": {
      "type": 2,
      "order": 49,
      "email": "setupvlad@gmail.com",
      "created": "2017-08-30T13:07:39.288Z",
      "updated": "2017-08-30T13:07:39.288Z"
   }
},
{
   "model": "emails.emailsendingfact",
   "pk": 48,
   "fields": {
      "type": 1,
      "order": 50,
      "email": "vlad.vv@ukr.net",
      "created": "2017-08-30T13:08:16.556Z",
      "updated": "2017-08-30T13:08:16.556Z"
   }
},
{
   "model": "emails.emailsendingfact",
   "pk": 49,
   "fields": {
      "type": 2,
      "order": 50,
      "email": "vikavik2323@gmail.com",
      "created": "2017-08-30T13:08:18.078Z",
      "updated": "2017-08-30T13:08:18.078Z"
   }
},
{
   "model": "auth.permission",
   "pk": 1,
   "fields": {
      "name": "Can add log entry",
      "content_type": 1,
      "codename": "add_logentry"
   }
},
{
   "model": "auth.permission",
   "pk": 2,
   "fields": {
      "name": "Can change log entry",
      "content_type": 1,
      "codename": "change_logentry"
   }
},
{
   "model": "auth.permission",
   "pk": 3,
   "fields": {
      "name": "Can delete log entry",
      "content_type": 1,
      "codename": "delete_logentry"
   }
},
{
   "model": "auth.permission",
   "pk": 4,
   "fields": {
      "name": "Can add permission",
      "content_type": 2,
      "codename": "add_permission"
   }
},
{
   "model": "auth.permission",
   "pk": 5,
   "fields": {
      "name": "Can change permission",
      "content_type": 2,
      "codename": "change_permission"
   }
},
{
   "model": "auth.permission",
   "pk": 6,
   "fields": {
      "name": "Can delete permission",
      "content_type": 2,
      "codename": "delete_permission"
   }
},
{
   "model": "auth.permission",
   "pk": 7,
   "fields": {
      "name": "Can add group",
      "content_type": 3,
      "codename": "add_group"
   }
},
{
   "model": "auth.permission",
   "pk": 8,
   "fields": {
      "name": "Can change group",
      "content_type": 3,
      "codename": "change_group"
   }
},
{
   "model": "auth.permission",
   "pk": 9,
   "fields": {
      "name": "Can delete group",
      "content_type": 3,
      "codename": "delete_group"
   }
},
{
   "model": "auth.permission",
   "pk": 10,
   "fields": {
      "name": "Can add user",
      "content_type": 4,
      "codename": "add_user"
   }
},
{
   "model": "auth.permission",
   "pk": 11,
   "fields": {
      "name": "Can change user",
      "content_type": 4,
      "codename": "change_user"
   }
},
{
   "model": "auth.permission",
   "pk": 12,
   "fields": {
      "name": "Can delete user",
      "content_type": 4,
      "codename": "delete_user"
   }
},
{
   "model": "auth.permission",
   "pk": 13,
   "fields": {
      "name": "Can add content type",
      "content_type": 5,
      "codename": "add_contenttype"
   }
},
{
   "model": "auth.permission",
   "pk": 14,
   "fields": {
      "name": "Can change content type",
      "content_type": 5,
      "codename": "change_contenttype"
   }
},
{
   "model": "auth.permission",
   "pk": 15,
   "fields": {
      "name": "Can delete content type",
      "content_type": 5,
      "codename": "delete_contenttype"
   }
},
{
   "model": "auth.permission",
   "pk": 16,
   "fields": {
      "name": "Can add session",
      "content_type": 6,
      "codename": "add_session"
   }
},
{
   "model": "auth.permission",
   "pk": 17,
   "fields": {
      "name": "Can change session",
      "content_type": 6,
      "codename": "change_session"
   }
},
{
   "model": "auth.permission",
   "pk": 18,
   "fields": {
      "name": "Can delete session",
      "content_type": 6,
      "codename": "delete_session"
   }
},
{
   "model": "auth.permission",
   "pk": 19,
   "fields": {
      "name": "Can add subscribers",
      "content_type": 7,
      "codename": "add_subscribers"
   }
},
{
   "model": "auth.permission",
   "pk": 20,
   "fields": {
      "name": "Can change subscribers",
      "content_type": 7,
      "codename": "change_subscribers"
   }
},
{
   "model": "auth.permission",
   "pk": 21,
   "fields": {
      "name": "Can delete subscribers",
      "content_type": 7,
      "codename": "delete_subscribers"
   }
},
{
   "model": "auth.permission",
   "pk": 22,
   "fields": {
      "name": "Can add \u0422\u043e\u0432\u0430\u0440",
      "content_type": 8,
      "codename": "add_product"
   }
},
{
   "model": "auth.permission",
   "pk": 23,
   "fields": {
      "name": "Can change \u0422\u043e\u0432\u0430\u0440",
      "content_type": 8,
      "codename": "change_product"
   }
},
{
   "model": "auth.permission",
   "pk": 24,
   "fields": {
      "name": "Can delete \u0422\u043e\u0432\u0430\u0440",
      "content_type": 8,
      "codename": "delete_product"
   }
},
{
   "model": "auth.permission",
   "pk": 25,
   "fields": {
      "name": "Can add \u0424\u043e\u0442\u043e\u0433\u0440\u0430\u0444\u0438\u044f",
      "content_type": 9,
      "codename": "add_productimage"
   }
},
{
   "model": "auth.permission",
   "pk": 26,
   "fields": {
      "name": "Can change \u0424\u043e\u0442\u043e\u0433\u0440\u0430\u0444\u0438\u044f",
      "content_type": 9,
      "codename": "change_productimage"
   }
},
{
   "model": "auth.permission",
   "pk": 27,
   "fields": {
      "name": "Can delete \u0424\u043e\u0442\u043e\u0433\u0440\u0430\u0444\u0438\u044f",
      "content_type": 9,
      "codename": "delete_productimage"
   }
},
{
   "model": "auth.permission",
   "pk": 28,
   "fields": {
      "name": "Can add \u0417\u0430\u043a\u0430\u0437",
      "content_type": 10,
      "codename": "add_order"
   }
},
{
   "model": "auth.permission",
   "pk": 29,
   "fields": {
      "name": "Can change \u0417\u0430\u043a\u0430\u0437",
      "content_type": 10,
      "codename": "change_order"
   }
},
{
   "model": "auth.permission",
   "pk": 30,
   "fields": {
      "name": "Can delete \u0417\u0430\u043a\u0430\u0437",
      "content_type": 10,
      "codename": "delete_order"
   }
},
{
   "model": "auth.permission",
   "pk": 31,
   "fields": {
      "name": "Can add \u0422\u043e\u0432\u0430\u0440",
      "content_type": 11,
      "codename": "add_productinorder"
   }
},
{
   "model": "auth.permission",
   "pk": 32,
   "fields": {
      "name": "Can change \u0422\u043e\u0432\u0430\u0440",
      "content_type": 11,
      "codename": "change_productinorder"
   }
},
{
   "model": "auth.permission",
   "pk": 33,
   "fields": {
      "name": "Can delete \u0422\u043e\u0432\u0430\u0440",
      "content_type": 11,
      "codename": "delete_productinorder"
   }
},
{
   "model": "auth.permission",
   "pk": 34,
   "fields": {
      "name": "Can add \u0421\u0442\u0430\u0442\u0443\u0441 \u0437\u0430\u043a\u0430\u0437\u0430",
      "content_type": 12,
      "codename": "add_status"
   }
},
{
   "model": "auth.permission",
   "pk": 35,
   "fields": {
      "name": "Can change \u0421\u0442\u0430\u0442\u0443\u0441 \u0437\u0430\u043a\u0430\u0437\u0430",
      "content_type": 12,
      "codename": "change_status"
   }
},
{
   "model": "auth.permission",
   "pk": 36,
   "fields": {
      "name": "Can delete \u0421\u0442\u0430\u0442\u0443\u0441 \u0437\u0430\u043a\u0430\u0437\u0430",
      "content_type": 12,
      "codename": "delete_status"
   }
},
{
   "model": "auth.permission",
   "pk": 37,
   "fields": {
      "name": "Can add MySubscriber",
      "content_type": 13,
      "codename": "add_subscriber"
   }
},
{
   "model": "auth.permission",
   "pk": 38,
   "fields": {
      "name": "Can change MySubscriber",
      "content_type": 13,
      "codename": "change_subscriber"
   }
},
{
   "model": "auth.permission",
   "pk": 39,
   "fields": {
      "name": "Can delete MySubscriber",
      "content_type": 13,
      "codename": "delete_subscriber"
   }
},
{
   "model": "auth.permission",
   "pk": 40,
   "fields": {
      "name": "Can add \u041a\u0430\u0442\u0435\u0433\u043e\u0440\u0438\u044f \u0442\u043e\u0432\u0430\u0440\u0430",
      "content_type": 14,
      "codename": "add_productcategory"
   }
},
{
   "model": "auth.permission",
   "pk": 41,
   "fields": {
      "name": "Can change \u041a\u0430\u0442\u0435\u0433\u043e\u0440\u0438\u044f \u0442\u043e\u0432\u0430\u0440\u0430",
      "content_type": 14,
      "codename": "change_productcategory"
   }
},
{
   "model": "auth.permission",
   "pk": 42,
   "fields": {
      "name": "Can delete \u041a\u0430\u0442\u0435\u0433\u043e\u0440\u0438\u044f \u0442\u043e\u0432\u0430\u0440\u0430",
      "content_type": 14,
      "codename": "delete_productcategory"
   }
},
{
   "model": "auth.permission",
   "pk": 43,
   "fields": {
      "name": "Can add \u0422\u043e\u0432\u0430\u0440 \u0432 \u043a\u043e\u0440\u0437\u0438\u043d\u0435",
      "content_type": 15,
      "codename": "add_productinbasket"
   }
},
{
   "model": "auth.permission",
   "pk": 44,
   "fields": {
      "name": "Can change \u0422\u043e\u0432\u0430\u0440 \u0432 \u043a\u043e\u0440\u0437\u0438\u043d\u0435",
      "content_type": 15,
      "codename": "change_productinbasket"
   }
},
{
   "model": "auth.permission",
   "pk": 45,
   "fields": {
      "name": "Can delete \u0422\u043e\u0432\u0430\u0440 \u0432 \u043a\u043e\u0440\u0437\u0438\u043d\u0435",
      "content_type": 15,
      "codename": "delete_productinbasket"
   }
},
{
   "model": "auth.permission",
   "pk": 46,
   "fields": {
      "name": "Can add \u041f\u043e\u043b\u0438\u0442\u0438\u043a\u0430 \u043a\u043e\u043d\u0444\u0438\u0434\u0435\u043d\u0446\u0438\u0430\u043b\u044c\u043d\u043e\u0441\u0442\u0438",
      "content_type": 16,
      "codename": "add_privacypolicy"
   }
},
{
   "model": "auth.permission",
   "pk": 47,
   "fields": {
      "name": "Can change \u041f\u043e\u043b\u0438\u0442\u0438\u043a\u0430 \u043a\u043e\u043d\u0444\u0438\u0434\u0435\u043d\u0446\u0438\u0430\u043b\u044c\u043d\u043e\u0441\u0442\u0438",
      "content_type": 16,
      "codename": "change_privacypolicy"
   }
},
{
   "model": "auth.permission",
   "pk": 48,
   "fields": {
      "name": "Can delete \u041f\u043e\u043b\u0438\u0442\u0438\u043a\u0430 \u043a\u043e\u043d\u0444\u0438\u0434\u0435\u043d\u0446\u0438\u0430\u043b\u044c\u043d\u043e\u0441\u0442\u0438",
      "content_type": 16,
      "codename": "delete_privacypolicy"
   }
},
{
   "model": "auth.permission",
   "pk": 49,
   "fields": {
      "name": "Can add attachment",
      "content_type": 17,
      "codename": "add_attachment"
   }
},
{
   "model": "auth.permission",
   "pk": 50,
   "fields": {
      "name": "Can change attachment",
      "content_type": 17,
      "codename": "change_attachment"
   }
},
{
   "model": "auth.permission",
   "pk": 51,
   "fields": {
      "name": "Can delete attachment",
      "content_type": 17,
      "codename": "delete_attachment"
   }
},
{
   "model": "auth.permission",
   "pk": 52,
   "fields": {
      "name": "Can add \u041e\u0442\u043f\u0440\u0430\u0432\u043b\u0435\u043d\u044b\u0439 \u0438\u043c\u0435\u0439\u043b",
      "content_type": 18,
      "codename": "add_emailsendingfact"
   }
},
{
   "model": "auth.permission",
   "pk": 53,
   "fields": {
      "name": "Can change \u041e\u0442\u043f\u0440\u0430\u0432\u043b\u0435\u043d\u044b\u0439 \u0438\u043c\u0435\u0439\u043b",
      "content_type": 18,
      "codename": "change_emailsendingfact"
   }
},
{
   "model": "auth.permission",
   "pk": 54,
   "fields": {
      "name": "Can delete \u041e\u0442\u043f\u0440\u0430\u0432\u043b\u0435\u043d\u044b\u0439 \u0438\u043c\u0435\u0439\u043b",
      "content_type": 18,
      "codename": "delete_emailsendingfact"
   }
},
{
   "model": "auth.permission",
   "pk": 55,
   "fields": {
      "name": "Can add \u0422\u0438\u043f \u0438\u043c\u0435\u0439\u043b\u0430",
      "content_type": 19,
      "codename": "add_emailtype"
   }
},
{
   "model": "auth.permission",
   "pk": 56,
   "fields": {
      "name": "Can change \u0422\u0438\u043f \u0438\u043c\u0435\u0439\u043b\u0430",
      "content_type": 19,
      "codename": "change_emailtype"
   }
},
{
   "model": "auth.permission",
   "pk": 57,
   "fields": {
      "name": "Can delete \u0422\u0438\u043f \u0438\u043c\u0435\u0439\u043b\u0430",
      "content_type": 19,
      "codename": "delete_emailtype"
   }
},
{
   "model": "auth.user",
   "pk": 1,
   "fields": {
      "password": "pbkdf2_sha256$36000$QOYNO3dCMnGT$69+6IE6b7Jaj3MeT9AIFIGHMdJ8zGRBzTKrEaCOVCTk=",
      "last_login": "2017-08-26T13:38:13.976Z",
      "is_superuser": true,
      "username": "admin",
      "first_name": "",
      "last_name": "",
      "email": "vlad.vv@ukr.net",
      "is_staff": true,
      "is_active": true,
      "date_joined": "2017-08-10T13:07:14.191Z",
      "groups": [],
      "user_permissions": []
   }
},
{
   "model": "auth.user",
   "pk": 9,
   "fields": {
      "password": "",
      "last_login": null,
      "is_superuser": false,
      "username": "123551",
      "first_name": "sadsad",
      "last_name": "",
      "email": "",
      "is_staff": false,
      "is_active": true,
      "date_joined": "2017-08-22T18:45:45.674Z",
      "groups": [],
      "user_permissions": []
   }
},
{
   "model": "auth.user",
   "pk": 10,
   "fields": {
      "password": "",
      "last_login": null,
      "is_superuser": false,
      "username": "123123321",
      "first_name": "qwasdasd",
      "last_name": "",
      "email": "",
      "is_staff": false,
      "is_active": true,
      "date_joined": "2017-08-23T19:15:25.798Z",
      "groups": [],
      "user_permissions": []
   }
},
{
   "model": "auth.user",
   "pk": 11,
   "fields": {
      "password": "",
      "last_login": null,
      "is_superuser": false,
      "username": "13241355115",
      "first_name": "asdasdads",
      "last_name": "",
      "email": "",
      "is_staff": false,
      "is_active": true,
      "date_joined": "2017-08-23T19:19:18.031Z",
      "groups": [],
      "user_permissions": []
   }
},
{
   "model": "auth.user",
   "pk": 12,
   "fields": {
      "password": "",
      "last_login": null,
      "is_superuser": false,
      "username": "444444444444444",
      "first_name": "sdfsd",
      "last_name": "",
      "email": "",
      "is_staff": false,
      "is_active": true,
      "date_joined": "2017-08-23T19:20:47.796Z",
      "groups": [],
      "user_permissions": []
   }
},
{
   "model": "auth.user",
   "pk": 13,
   "fields": {
      "password": "",
      "last_login": null,
      "is_superuser": false,
      "username": "34235413",
      "first_name": "sdsasad",
      "last_name": "",
      "email": "",
      "is_staff": false,
      "is_active": true,
      "date_joined": "2017-08-23T20:13:33.922Z",
      "groups": [],
      "user_permissions": []
   }
},
{
   "model": "auth.user",
   "pk": 14,
   "fields": {
      "password": "",
      "last_login": null,
      "is_superuser": false,
      "username": "1325153",
      "first_name": "sdfsdf",
      "last_name": "",
      "email": "",
      "is_staff": false,
      "is_active": true,
      "date_joined": "2017-08-23T20:53:19.997Z",
      "groups": [],
      "user_permissions": []
   }
},
{
   "model": "auth.user",
   "pk": 15,
   "fields": {
      "password": "",
      "last_login": null,
      "is_superuser": false,
      "username": "1241545",
      "first_name": "dfhdhf",
      "last_name": "",
      "email": "",
      "is_staff": false,
      "is_active": true,
      "date_joined": "2017-08-23T20:54:12.180Z",
      "groups": [],
      "user_permissions": []
   }
},
{
   "model": "auth.user",
   "pk": 16,
   "fields": {
      "password": "",
      "last_login": null,
      "is_superuser": false,
      "username": "1324142",
      "first_name": "sadsad",
      "last_name": "",
      "email": "",
      "is_staff": false,
      "is_active": true,
      "date_joined": "2017-08-23T21:06:44.391Z",
      "groups": [],
      "user_permissions": []
   }
},
{
   "model": "auth.user",
   "pk": 17,
   "fields": {
      "password": "",
      "last_login": null,
      "is_superuser": false,
      "username": "14224",
      "first_name": "desf",
      "last_name": "",
      "email": "",
      "is_staff": false,
      "is_active": true,
      "date_joined": "2017-08-25T16:16:20.862Z",
      "groups": [],
      "user_permissions": []
   }
},
{
   "model": "auth.user",
   "pk": 18,
   "fields": {
      "password": "",
      "last_login": null,
      "is_superuser": false,
      "username": "35535",
      "first_name": "dsfsdf",
      "last_name": "",
      "email": "",
      "is_staff": false,
      "is_active": true,
      "date_joined": "2017-08-26T22:30:30.526Z",
      "groups": [],
      "user_permissions": []
   }
},
{
   "model": "auth.user",
   "pk": 19,
   "fields": {
      "password": "",
      "last_login": null,
      "is_superuser": false,
      "username": "45523513",
      "first_name": "\u0422\u0435\u043b\u0435\u0444\u043e\u043d\u044bewrt",
      "last_name": "",
      "email": "",
      "is_staff": false,
      "is_active": true,
      "date_joined": "2017-08-26T22:30:55.881Z",
      "groups": [],
      "user_permissions": []
   }
},
{
   "model": "auth.user",
   "pk": 20,
   "fields": {
      "password": "",
      "last_login": null,
      "is_superuser": false,
      "username": "093 093 9215",
      "first_name": "Vladichek",
      "last_name": "",
      "email": "",
      "is_staff": false,
      "is_active": true,
      "date_joined": "2017-08-27T09:02:06.549Z",
      "groups": [],
      "user_permissions": []
   }
},
{
   "model": "auth.user",
   "pk": 21,
   "fields": {
      "password": "",
      "last_login": null,
      "is_superuser": false,
      "username": "667364346",
      "first_name": "wertr",
      "last_name": "",
      "email": "",
      "is_staff": false,
      "is_active": true,
      "date_joined": "2017-08-27T15:30:56.243Z",
      "groups": [],
      "user_permissions": []
   }
},
{
   "model": "auth.user",
   "pk": 22,
   "fields": {
      "password": "",
      "last_login": null,
      "is_superuser": false,
      "username": "123",
      "first_name": "dsfsdf",
      "last_name": "",
      "email": "",
      "is_staff": false,
      "is_active": true,
      "date_joined": "2017-08-28T22:16:09.405Z",
      "groups": [],
      "user_permissions": []
   }
},
{
   "model": "auth.user",
   "pk": 23,
   "fields": {
      "password": "",
      "last_login": null,
      "is_superuser": false,
      "username": "4502359253235",
      "first_name": "dsggf",
      "last_name": "",
      "email": "",
      "is_staff": false,
      "is_active": true,
      "date_joined": "2017-08-28T22:18:36.814Z",
      "groups": [],
      "user_permissions": []
   }
},
{
   "model": "auth.user",
   "pk": 24,
   "fields": {
      "password": "",
      "last_login": null,
      "is_superuser": false,
      "username": "3125",
      "first_name": "Vlad Vyshkovsky",
      "last_name": "",
      "email": "",
      "is_staff": false,
      "is_active": true,
      "date_joined": "2017-08-28T22:40:16.252Z",
      "groups": [],
      "user_permissions": []
   }
},
{
   "model": "auth.user",
   "pk": 25,
   "fields": {
      "password": "",
      "last_login": null,
      "is_superuser": false,
      "username": "64865856",
      "first_name": "Big booty bitch",
      "last_name": "",
      "email": "",
      "is_staff": false,
      "is_active": true,
      "date_joined": "2017-08-28T23:07:42.558Z",
      "groups": [],
      "user_permissions": []
   }
},
{
   "model": "auth.user",
   "pk": 26,
   "fields": {
      "password": "",
      "last_login": null,
      "is_superuser": false,
      "username": "23434667",
      "first_name": "asdasdfg",
      "last_name": "",
      "email": "",
      "is_staff": false,
      "is_active": true,
      "date_joined": "2017-08-28T23:11:57.250Z",
      "groups": [],
      "user_permissions": []
   }
},
{
   "model": "auth.user",
   "pk": 27,
   "fields": {
      "password": "",
      "last_login": null,
      "is_superuser": false,
      "username": "t252662",
      "first_name": "vlasadsd",
      "last_name": "",
      "email": "",
      "is_staff": false,
      "is_active": true,
      "date_joined": "2017-08-28T23:35:14.668Z",
      "groups": [],
      "user_permissions": []
   }
},
{
   "model": "auth.user",
   "pk": 28,
   "fields": {
      "password": "",
      "last_login": null,
      "is_superuser": false,
      "username": "0730730043",
      "first_name": "Vika",
      "last_name": "",
      "email": "",
      "is_staff": false,
      "is_active": true,
      "date_joined": "2017-08-28T23:43:43.256Z",
      "groups": [],
      "user_permissions": []
   }
},
{
   "model": "auth.user",
   "pk": 29,
   "fields": {
      "password": "",
      "last_login": null,
      "is_superuser": false,
      "username": "343636463",
      "first_name": "Vika",
      "last_name": "",
      "email": "",
      "is_staff": false,
      "is_active": true,
      "date_joined": "2017-08-29T00:03:23.960Z",
      "groups": [],
      "user_permissions": []
   }
},
{
   "model": "auth.user",
   "pk": 30,
   "fields": {
      "password": "",
      "last_login": null,
      "is_superuser": false,
      "username": "3252352365",
      "first_name": "sadfgg",
      "last_name": "",
      "email": "",
      "is_staff": false,
      "is_active": true,
      "date_joined": "2017-08-29T00:13:08.478Z",
      "groups": [],
      "user_permissions": []
   }
},
{
   "model": "auth.user",
   "pk": 31,
   "fields": {
      "password": "",
      "last_login": null,
      "is_superuser": false,
      "username": "124551223",
      "first_name": "sdgfgtg",
      "last_name": "",
      "email": "",
      "is_staff": false,
      "is_active": true,
      "date_joined": "2017-08-29T00:21:06.209Z",
      "groups": [],
      "user_permissions": []
   }
},
{
   "model": "auth.user",
   "pk": 32,
   "fields": {
      "password": "",
      "last_login": null,
      "is_superuser": false,
      "username": "32157844444",
      "first_name": "asdtwty",
      "last_name": "",
      "email": "",
      "is_staff": false,
      "is_active": true,
      "date_joined": "2017-08-29T00:24:14.754Z",
      "groups": [],
      "user_permissions": []
   }
},
{
   "model": "auth.user",
   "pk": 33,
   "fields": {
      "password": "",
      "last_login": null,
      "is_superuser": false,
      "username": "2352352342",
      "first_name": "mynameisvova",
      "last_name": "",
      "email": "",
      "is_staff": false,
      "is_active": true,
      "date_joined": "2017-08-29T06:48:34.857Z",
      "groups": [],
      "user_permissions": []
   }
},
{
   "model": "auth.user",
   "pk": 34,
   "fields": {
      "password": "",
      "last_login": null,
      "is_superuser": false,
      "username": "54486865",
      "first_name": "reter",
      "last_name": "",
      "email": "",
      "is_staff": false,
      "is_active": true,
      "date_joined": "2017-08-29T07:04:35.434Z",
      "groups": [],
      "user_permissions": []
   }
},
{
   "model": "auth.user",
   "pk": 35,
   "fields": {
      "password": "",
      "last_login": null,
      "is_superuser": false,
      "username": "3333333333333333",
      "first_name": "yyyyyyyyyyyyyyyyyy",
      "last_name": "",
      "email": "",
      "is_staff": false,
      "is_active": true,
      "date_joined": "2017-08-29T07:06:36.456Z",
      "groups": [],
      "user_permissions": []
   }
},
{
   "model": "auth.user",
   "pk": 36,
   "fields": {
      "password": "",
      "last_login": null,
      "is_superuser": false,
      "username": "324512",
      "first_name": "reteqrytq",
      "last_name": "",
      "email": "",
      "is_staff": false,
      "is_active": true,
      "date_joined": "2017-08-29T08:23:43.931Z",
      "groups": [],
      "user_permissions": []
   }
},
{
   "model": "auth.user",
   "pk": 37,
   "fields": {
      "password": "",
      "last_login": null,
      "is_superuser": false,
      "username": "441437888",
      "first_name": "trttyww",
      "last_name": "",
      "email": "",
      "is_staff": false,
      "is_active": true,
      "date_joined": "2017-08-29T08:37:23.244Z",
      "groups": [],
      "user_permissions": []
   }
},
{
   "model": "auth.user",
   "pk": 38,
   "fields": {
      "password": "",
      "last_login": null,
      "is_superuser": false,
      "username": "8568568",
      "first_name": "fghfghgf",
      "last_name": "",
      "email": "",
      "is_staff": false,
      "is_active": true,
      "date_joined": "2017-08-29T08:40:17.240Z",
      "groups": [],
      "user_permissions": []
   }
},
{
   "model": "auth.user",
   "pk": 39,
   "fields": {
      "password": "",
      "last_login": null,
      "is_superuser": false,
      "username": "423643467",
      "first_name": "grtfhfgh",
      "last_name": "",
      "email": "",
      "is_staff": false,
      "is_active": true,
      "date_joined": "2017-08-29T08:41:21.845Z",
      "groups": [],
      "user_permissions": []
   }
},
{
   "model": "auth.user",
   "pk": 40,
   "fields": {
      "password": "",
      "last_login": null,
      "is_superuser": false,
      "username": "23466343",
      "first_name": "ertdhrjhfh",
      "last_name": "",
      "email": "",
      "is_staff": false,
      "is_active": true,
      "date_joined": "2017-08-29T08:42:09.727Z",
      "groups": [],
      "user_permissions": []
   }
},
{
   "model": "auth.user",
   "pk": 41,
   "fields": {
      "password": "",
      "last_login": null,
      "is_superuser": false,
      "username": "326334",
      "first_name": "tdwsfsf",
      "last_name": "",
      "email": "",
      "is_staff": false,
      "is_active": true,
      "date_joined": "2017-08-29T08:49:09.709Z",
      "groups": [],
      "user_permissions": []
   }
},
{
   "model": "auth.user",
   "pk": 42,
   "fields": {
      "password": "",
      "last_login": null,
      "is_superuser": false,
      "username": "544865856",
      "first_name": "fdgdfggd",
      "last_name": "",
      "email": "",
      "is_staff": false,
      "is_active": true,
      "date_joined": "2017-08-29T08:51:31.815Z",
      "groups": [],
      "user_permissions": []
   }
},
{
   "model": "auth.user",
   "pk": 43,
   "fields": {
      "password": "",
      "last_login": null,
      "is_superuser": false,
      "username": "4325235",
      "first_name": "\u0443\u0432\u0456\u0430\u0456\u0432\u0435\u043f",
      "last_name": "",
      "email": "",
      "is_staff": false,
      "is_active": true,
      "date_joined": "2017-08-29T09:40:22.909Z",
      "groups": [],
      "user_permissions": []
   }
},
{
   "model": "auth.user",
   "pk": 44,
   "fields": {
      "password": "",
      "last_login": null,
      "is_superuser": false,
      "username": "3246734734673",
      "first_name": "gfdgdfhh",
      "last_name": "",
      "email": "",
      "is_staff": false,
      "is_active": true,
      "date_joined": "2017-08-30T13:07:34.192Z",
      "groups": [],
      "user_permissions": []
   }
},
{
   "model": "auth.user",
   "pk": 45,
   "fields": {
      "password": "",
      "last_login": null,
      "is_superuser": false,
      "username": "234662362346",
      "first_name": "sdgsdgsdgsdg",
      "last_name": "",
      "email": "",
      "is_staff": false,
      "is_active": true,
      "date_joined": "2017-08-30T13:08:14.921Z",
      "groups": [],
      "user_permissions": []
   }
},
{
   "model": "orders.order",
   "pk": 23,
   "fields": {
      "user": 20,
      "total_price": "9001.80",
      "customer_name": "Vladichek",
      "customer_email": null,
      "customer_phone": "093 093 9215",
      "customer_address": null,
      "comments": null,
      "status": 1,
      "created": "2017-08-27T09:02:06.642Z",
      "updated": "2017-08-27T09:02:07.011Z"
   }
},
{
   "model": "orders.order",
   "pk": 24,
   "fields": {
      "user": 21,
      "total_price": "4001.00",
      "customer_name": "wertr",
      "customer_email": null,
      "customer_phone": "667364346",
      "customer_address": null,
      "comments": null,
      "status": 1,
      "created": "2017-08-27T15:30:56.315Z",
      "updated": "2017-08-27T15:30:56.505Z"
   }
},
{
   "model": "orders.order",
   "pk": 25,
   "fields": {
      "user": 22,
      "total_price": "4001.00",
      "customer_name": "dsfsdf",
      "customer_email": null,
      "customer_phone": "123",
      "customer_address": null,
      "comments": null,
      "status": 1,
      "created": "2017-08-28T22:16:09.494Z",
      "updated": "2017-08-28T22:16:09.684Z"
   }
},
{
   "model": "orders.order",
   "pk": 26,
   "fields": {
      "user": 23,
      "total_price": "6001.50",
      "customer_name": "dsggf",
      "customer_email": null,
      "customer_phone": "4502359253235",
      "customer_address": null,
      "comments": null,
      "status": 1,
      "created": "2017-08-28T22:18:36.927Z",
      "updated": "2017-08-28T22:18:37.107Z"
   }
},
{
   "model": "orders.order",
   "pk": 27,
   "fields": {
      "user": 20,
      "total_price": "4001.00",
      "customer_name": "Vlad Vyshkovsky",
      "customer_email": null,
      "customer_phone": "093 093 9215",
      "customer_address": null,
      "comments": null,
      "status": 1,
      "created": "2017-08-28T22:33:08.806Z",
      "updated": "2017-08-28T22:33:09.036Z"
   }
},
{
   "model": "orders.order",
   "pk": 28,
   "fields": {
      "user": 24,
      "total_price": "4001.00",
      "customer_name": "Vlad Vyshkovsky",
      "customer_email": null,
      "customer_phone": "3125",
      "customer_address": null,
      "comments": null,
      "status": 1,
      "created": "2017-08-28T22:40:16.321Z",
      "updated": "2017-08-28T22:40:16.519Z"
   }
},
{
   "model": "orders.order",
   "pk": 29,
   "fields": {
      "user": 25,
      "total_price": "4001.00",
      "customer_name": "Big booty bitch",
      "customer_email": null,
      "customer_phone": "64865856",
      "customer_address": null,
      "comments": null,
      "status": 1,
      "created": "2017-08-28T23:07:42.746Z",
      "updated": "2017-08-28T23:07:42.964Z"
   }
},
{
   "model": "orders.order",
   "pk": 30,
   "fields": {
      "user": 26,
      "total_price": "2000.20",
      "customer_name": "asdasdfg",
      "customer_email": null,
      "customer_phone": "23434667",
      "customer_address": null,
      "comments": null,
      "status": 1,
      "created": "2017-08-28T23:11:57.333Z",
      "updated": "2017-08-28T23:11:57.519Z"
   }
},
{
   "model": "orders.order",
   "pk": 31,
   "fields": {
      "user": 27,
      "total_price": "3000.60",
      "customer_name": "vlasadsd",
      "customer_email": null,
      "customer_phone": "t252662",
      "customer_address": null,
      "comments": null,
      "status": 1,
      "created": "2017-08-28T23:35:14.771Z",
      "updated": "2017-08-28T23:35:15.205Z"
   }
},
{
   "model": "orders.order",
   "pk": 32,
   "fields": {
      "user": 28,
      "total_price": "4001.00",
      "customer_name": "Vika",
      "customer_email": null,
      "customer_phone": "0730730043",
      "customer_address": null,
      "comments": null,
      "status": 1,
      "created": "2017-08-28T23:43:43.371Z",
      "updated": "2017-08-28T23:43:43.567Z"
   }
},
{
   "model": "orders.order",
   "pk": 33,
   "fields": {
      "user": 29,
      "total_price": "4001.00",
      "customer_name": "Vika",
      "customer_email": "vikavik2323@gmail.com",
      "customer_phone": "343636463",
      "customer_address": null,
      "comments": null,
      "status": 1,
      "created": "2017-08-29T00:03:24.045Z",
      "updated": "2017-08-29T00:03:24.248Z"
   }
},
{
   "model": "orders.order",
   "pk": 34,
   "fields": {
      "user": 30,
      "total_price": "6001.20",
      "customer_name": "sadfgg",
      "customer_email": "vikavik2323@gmail.com",
      "customer_phone": "3252352365",
      "customer_address": null,
      "comments": null,
      "status": 1,
      "created": "2017-08-29T00:13:08.570Z",
      "updated": "2017-08-29T00:13:08.943Z"
   }
},
{
   "model": "orders.order",
   "pk": 35,
   "fields": {
      "user": 31,
      "total_price": "3000.60",
      "customer_name": "sdgfgtg",
      "customer_email": "vikavik2323@gmail.com",
      "customer_phone": "124551223",
      "customer_address": null,
      "comments": null,
      "status": 1,
      "created": "2017-08-29T00:21:06.331Z",
      "updated": "2017-08-29T00:21:06.779Z"
   }
},
{
   "model": "orders.order",
   "pk": 36,
   "fields": {
      "user": 32,
      "total_price": "3000.60",
      "customer_name": "asdtwty",
      "customer_email": "vikavik2323@gmail.com",
      "customer_phone": "32157844444",
      "customer_address": null,
      "comments": null,
      "status": 1,
      "created": "2017-08-29T00:24:14.852Z",
      "updated": "2017-08-29T00:24:15.264Z"
   }
},
{
   "model": "orders.order",
   "pk": 37,
   "fields": {
      "user": 33,
      "total_price": "3000.60",
      "customer_name": "mynameisvova",
      "customer_email": "vikavik2323@gmail.com",
      "customer_phone": "2352352342",
      "customer_address": null,
      "comments": null,
      "status": 1,
      "created": "2017-08-29T06:48:34.950Z",
      "updated": "2017-08-29T06:48:35.334Z"
   }
},
{
   "model": "orders.order",
   "pk": 38,
   "fields": {
      "user": 34,
      "total_price": "7001.30",
      "customer_name": "reter",
      "customer_email": "vikavik2323@gmail.com",
      "customer_phone": "54486865",
      "customer_address": null,
      "comments": null,
      "status": 1,
      "created": "2017-08-29T07:04:35.528Z",
      "updated": "2017-08-29T07:04:35.902Z"
   }
},
{
   "model": "orders.order",
   "pk": 39,
   "fields": {
      "user": 35,
      "total_price": "8001.70",
      "customer_name": "yyyyyyyyyyyyyyyyyy",
      "customer_email": "vikavik2323@gmail.com",
      "customer_phone": "3333333333333333",
      "customer_address": null,
      "comments": null,
      "status": 1,
      "created": "2017-08-29T07:06:36.538Z",
      "updated": "2017-08-29T07:26:18.701Z"
   }
},
{
   "model": "orders.order",
   "pk": 40,
   "fields": {
      "user": 36,
      "total_price": "5001.10",
      "customer_name": "reteqrytq",
      "customer_email": "vikavik2323@gmail.com",
      "customer_phone": "324512",
      "customer_address": null,
      "comments": null,
      "status": 1,
      "created": "2017-08-29T08:23:44.139Z",
      "updated": "2017-08-29T08:23:44.695Z"
   }
},
{
   "model": "orders.order",
   "pk": 41,
   "fields": {
      "user": 37,
      "total_price": "9001.80",
      "customer_name": "trttyww",
      "customer_email": "vikavik2323@gmail.com",
      "customer_phone": "441437888",
      "customer_address": null,
      "comments": null,
      "status": 1,
      "created": "2017-08-29T08:37:23.340Z",
      "updated": "2017-08-29T08:37:23.765Z"
   }
},
{
   "model": "orders.order",
   "pk": 42,
   "fields": {
      "user": 38,
      "total_price": "4001.00",
      "customer_name": "fghfghgf",
      "customer_email": "vikavik2323@gmail.com",
      "customer_phone": "8568568",
      "customer_address": null,
      "comments": null,
      "status": 1,
      "created": "2017-08-29T08:40:17.325Z",
      "updated": "2017-08-29T08:40:17.594Z"
   }
},
{
   "model": "orders.order",
   "pk": 43,
   "fields": {
      "user": 39,
      "total_price": "3000.60",
      "customer_name": "grtfhfgh",
      "customer_email": "vikavik2323@gmail.com",
      "customer_phone": "423643467",
      "customer_address": null,
      "comments": null,
      "status": 1,
      "created": "2017-08-29T08:41:21.928Z",
      "updated": "2017-08-29T08:41:22.373Z"
   }
},
{
   "model": "orders.order",
   "pk": 44,
   "fields": {
      "user": 40,
      "total_price": "5001.10",
      "customer_name": "ertdhrjhfh",
      "customer_email": "vikavik2323@gmail.com",
      "customer_phone": "23466343",
      "customer_address": null,
      "comments": null,
      "status": 1,
      "created": "2017-08-29T08:42:09.817Z",
      "updated": "2017-08-29T08:42:10.220Z"
   }
},
{
   "model": "orders.order",
   "pk": 45,
   "fields": {
      "user": 41,
      "total_price": "4000.70",
      "customer_name": "tdwsfsf",
      "customer_email": "vikavik2323@gmail.com",
      "customer_phone": "326334",
      "customer_address": null,
      "comments": null,
      "status": 1,
      "created": "2017-08-29T08:49:09.813Z",
      "updated": "2017-08-29T08:49:10.186Z"
   }
},
{
   "model": "orders.order",
   "pk": 46,
   "fields": {
      "user": 42,
      "total_price": "7001.30",
      "customer_name": "fdgdfggd",
      "customer_email": "vikavik2323@gmail.com",
      "customer_phone": "544865856",
      "customer_address": null,
      "comments": null,
      "status": 1,
      "created": "2017-08-29T08:51:31.971Z",
      "updated": "2017-08-29T08:51:32.380Z"
   }
},
{
   "model": "orders.order",
   "pk": 47,
   "fields": {
      "user": 28,
      "total_price": "6001.20",
      "customer_name": "\u0412\u0438\u043a\u0443\u043d\u044f",
      "customer_email": "vikavik2323@gmail.com",
      "customer_phone": "0730730043",
      "customer_address": null,
      "comments": null,
      "status": 1,
      "created": "2017-08-29T08:56:27.837Z",
      "updated": "2017-08-29T08:56:28.286Z"
   }
},
{
   "model": "orders.order",
   "pk": 48,
   "fields": {
      "user": 43,
      "total_price": "6001.50",
      "customer_name": "\u0443\u0432\u0456\u0430\u0456\u0432\u0435\u043f",
      "customer_email": "vlad.vv@ukr.net",
      "customer_phone": "4325235",
      "customer_address": null,
      "comments": null,
      "status": 1,
      "created": "2017-08-29T09:40:22.990Z",
      "updated": "2017-08-29T09:40:23.179Z"
   }
},
{
   "model": "orders.order",
   "pk": 49,
   "fields": {
      "user": 44,
      "total_price": "5001.10",
      "customer_name": "gfdgdfhh",
      "customer_email": "setupvlad@gmail.com",
      "customer_phone": "3246734734673",
      "customer_address": null,
      "comments": null,
      "status": 1,
      "created": "2017-08-30T13:07:34.253Z",
      "updated": "2017-08-30T13:07:34.780Z"
   }
},
{
   "model": "orders.order",
   "pk": 50,
   "fields": {
      "user": 45,
      "total_price": "6001.50",
      "customer_name": "sdgsdgsdgsdg",
      "customer_email": "vikavik2323@gmail.com",
      "customer_phone": "234662362346",
      "customer_address": null,
      "comments": null,
      "status": 1,
      "created": "2017-08-30T13:08:15.027Z",
      "updated": "2017-08-30T13:08:15.232Z"
   }
},
{
   "model": "admin.logentry",
   "pk": 1,
   "fields": {
      "action_time": "2017-08-10T16:07:42.763Z",
      "user": 1,
      "content_type": 7,
      "object_id": "2",
      "object_repr": "Subscribers object",
      "action_flag": 3,
      "change_message": ""
   }
},
{
   "model": "admin.logentry",
   "pk": 2,
   "fields": {
      "action_time": "2017-08-10T16:07:45.640Z",
      "user": 1,
      "content_type": 7,
      "object_id": "1",
      "object_repr": "Subscribers object",
      "action_flag": 3,
      "change_message": ""
   }
},
{
   "model": "admin.logentry",
   "pk": 3,
   "fields": {
      "action_time": "2017-08-11T09:29:40.404Z",
      "user": 1,
      "content_type": 8,
      "object_id": "1",
      "object_repr": "Big booty bitch",
      "action_flag": 1,
      "change_message": "[{\"added\": {}}, {\"added\": {\"name\": \"\\u0424\\u043e\\u0442\\u043e\\u0433\\u0440\\u0430\\u0444\\u0438\\u044f\", \"object\": \"1\"}}]"
   }
},
{
   "model": "admin.logentry",
   "pk": 4,
   "fields": {
      "action_time": "2017-08-20T13:34:34.577Z",
      "user": 1,
      "content_type": 14,
      "object_id": "1",
      "object_repr": "\u0422\u0435\u043b\u0435\u0444\u043e\u043d\u044b",
      "action_flag": 1,
      "change_message": "[{\"added\": {}}]"
   }
},
{
   "model": "admin.logentry",
   "pk": 5,
   "fields": {
      "action_time": "2017-08-20T13:34:42.175Z",
      "user": 1,
      "content_type": 14,
      "object_id": "1",
      "object_repr": "\u0422\u0435\u043b\u0435\u0444\u043e\u043d\u044b",
      "action_flag": 2,
      "change_message": "[]"
   }
},
{
   "model": "admin.logentry",
   "pk": 6,
   "fields": {
      "action_time": "2017-08-20T13:34:58.638Z",
      "user": 1,
      "content_type": 8,
      "object_id": "1",
      "object_repr": "0.00, Big booty bitch",
      "action_flag": 3,
      "change_message": ""
   }
},
{
   "model": "admin.logentry",
   "pk": 7,
   "fields": {
      "action_time": "2017-08-20T13:36:30.881Z",
      "user": 1,
      "content_type": 8,
      "object_id": "2",
      "object_repr": "100000, \u0410\u0439 \u0424\u043e\u043d",
      "action_flag": 1,
      "change_message": "[{\"added\": {}}]"
   }
},
{
   "model": "admin.logentry",
   "pk": 8,
   "fields": {
      "action_time": "2017-08-20T13:37:27.742Z",
      "user": 1,
      "content_type": 9,
      "object_id": "2",
      "object_repr": "2",
      "action_flag": 1,
      "change_message": "[{\"added\": {}}]"
   }
},
{
   "model": "admin.logentry",
   "pk": 9,
   "fields": {
      "action_time": "2017-08-20T13:57:43.227Z",
      "user": 1,
      "content_type": 12,
      "object_id": "1",
      "object_repr": "\u0421\u0442\u0430\u0442\u0443\u0441 Vlad",
      "action_flag": 1,
      "change_message": "[{\"added\": {}}]"
   }
},
{
   "model": "admin.logentry",
   "pk": 10,
   "fields": {
      "action_time": "2017-08-20T13:57:49.211Z",
      "user": 1,
      "content_type": 12,
      "object_id": "1",
      "object_repr": "\u0421\u0442\u0430\u0442\u0443\u0441 Vlad",
      "action_flag": 2,
      "change_message": "[]"
   }
},
{
   "model": "admin.logentry",
   "pk": 11,
   "fields": {
      "action_time": "2017-08-20T14:03:16.412Z",
      "user": 1,
      "content_type": 14,
      "object_id": "2",
      "object_repr": "\u041d\u043e\u0443\u0442\u0431\u0443\u043a\u0438",
      "action_flag": 1,
      "change_message": "[{\"added\": {}}]"
   }
},
{
   "model": "admin.logentry",
   "pk": 12,
   "fields": {
      "action_time": "2017-08-20T14:03:45.249Z",
      "user": 1,
      "content_type": 8,
      "object_id": "2",
      "object_repr": "100000.00, \u0410\u0439 \u0424\u043e\u043d",
      "action_flag": 3,
      "change_message": ""
   }
},
{
   "model": "admin.logentry",
   "pk": 13,
   "fields": {
      "action_time": "2017-08-20T14:06:29.650Z",
      "user": 1,
      "content_type": 8,
      "object_id": "3",
      "object_repr": "37000.00, Dell XPS 15 9550",
      "action_flag": 1,
      "change_message": "[{\"added\": {}}, {\"added\": {\"name\": \"\\u0424\\u043e\\u0442\\u043e\\u0433\\u0440\\u0430\\u0444\\u0438\\u044f\", \"object\": \"3\"}}]"
   }
},
{
   "model": "admin.logentry",
   "pk": 14,
   "fields": {
      "action_time": "2017-08-20T14:07:42.456Z",
      "user": 1,
      "content_type": 8,
      "object_id": "4",
      "object_repr": "45000, Dell Alienware 13 R2",
      "action_flag": 1,
      "change_message": "[{\"added\": {}}, {\"added\": {\"name\": \"\\u0424\\u043e\\u0442\\u043e\\u0433\\u0440\\u0430\\u0444\\u0438\\u044f\", \"object\": \"4\"}}]"
   }
},
{
   "model": "admin.logentry",
   "pk": 15,
   "fields": {
      "action_time": "2017-08-20T14:11:24.296Z",
      "user": 1,
      "content_type": 8,
      "object_id": "5",
      "object_repr": "60000, Acer Predator 17 G9-793-78JF",
      "action_flag": 1,
      "change_message": "[{\"added\": {}}, {\"added\": {\"name\": \"\\u0424\\u043e\\u0442\\u043e\\u0433\\u0440\\u0430\\u0444\\u0438\\u044f\", \"object\": \"5\"}}]"
   }
},
{
   "model": "admin.logentry",
   "pk": 16,
   "fields": {
      "action_time": "2017-08-20T14:17:41.557Z",
      "user": 1,
      "content_type": 8,
      "object_id": "6",
      "object_repr": "10000, Motorola Moto G5 Plus",
      "action_flag": 1,
      "change_message": "[{\"added\": {}}, {\"added\": {\"name\": \"\\u0424\\u043e\\u0442\\u043e\\u0433\\u0440\\u0430\\u0444\\u0438\\u044f\", \"object\": \"6\"}}]"
   }
},
{
   "model": "admin.logentry",
   "pk": 17,
   "fields": {
      "action_time": "2017-08-20T14:19:59.579Z",
      "user": 1,
      "content_type": 10,
      "object_id": "3",
      "object_repr": "\u0417\u0430\u043a\u0430\u0437 3 Vlad",
      "action_flag": 3,
      "change_message": ""
   }
},
{
   "model": "admin.logentry",
   "pk": 18,
   "fields": {
      "action_time": "2017-08-21T19:59:25.058Z",
      "user": 1,
      "content_type": 14,
      "object_id": "3",
      "object_repr": "\u0414\u0435\u0432\u0443\u0448\u043a\u0438",
      "action_flag": 1,
      "change_message": "[{\"added\": {}}]"
   }
},
{
   "model": "admin.logentry",
   "pk": 19,
   "fields": {
      "action_time": "2017-08-21T20:02:39.546Z",
      "user": 1,
      "content_type": 8,
      "object_id": "7",
      "object_repr": "1000, \u0412\u0430\u043b\u044f",
      "action_flag": 1,
      "change_message": "[{\"added\": {}}, {\"added\": {\"name\": \"\\u0424\\u043e\\u0442\\u043e\\u0433\\u0440\\u0430\\u0444\\u0438\\u044f\", \"object\": \"7\"}}, {\"added\": {\"name\": \"\\u0424\\u043e\\u0442\\u043e\\u0433\\u0440\\u0430\\u0444\\u0438\\u044f\", \"object\": \"8\"}}]"
   }
},
{
   "model": "admin.logentry",
   "pk": 20,
   "fields": {
      "action_time": "2017-08-21T20:06:07.652Z",
      "user": 1,
      "content_type": 8,
      "object_id": "8",
      "object_repr": "1500, \u0418\u043d\u043d\u0430",
      "action_flag": 1,
      "change_message": "[{\"added\": {}}, {\"added\": {\"name\": \"\\u0424\\u043e\\u0442\\u043e\\u0433\\u0440\\u0430\\u0444\\u0438\\u044f\", \"object\": \"9\"}}, {\"added\": {\"name\": \"\\u0424\\u043e\\u0442\\u043e\\u0433\\u0440\\u0430\\u0444\\u0438\\u044f\", \"object\": \"10\"}}]"
   }
},
{
   "model": "admin.logentry",
   "pk": 21,
   "fields": {
      "action_time": "2017-08-21T20:07:00.110Z",
      "user": 1,
      "content_type": 8,
      "object_id": "6",
      "object_repr": "10000.00, Motorola Moto G5 Plus",
      "action_flag": 3,
      "change_message": ""
   }
},
{
   "model": "admin.logentry",
   "pk": 22,
   "fields": {
      "action_time": "2017-08-21T20:07:00.171Z",
      "user": 1,
      "content_type": 8,
      "object_id": "5",
      "object_repr": "60000.00, Acer Predator 17 G9-793-78JF",
      "action_flag": 3,
      "change_message": ""
   }
},
{
   "model": "admin.logentry",
   "pk": 23,
   "fields": {
      "action_time": "2017-08-21T20:07:00.234Z",
      "user": 1,
      "content_type": 8,
      "object_id": "4",
      "object_repr": "45000.00, Dell Alienware 13 R2",
      "action_flag": 3,
      "change_message": ""
   }
},
{
   "model": "admin.logentry",
   "pk": 24,
   "fields": {
      "action_time": "2017-08-21T20:07:00.325Z",
      "user": 1,
      "content_type": 8,
      "object_id": "3",
      "object_repr": "37000.00, Dell XPS 15 9550",
      "action_flag": 3,
      "change_message": ""
   }
},
{
   "model": "admin.logentry",
   "pk": 25,
   "fields": {
      "action_time": "2017-08-21T20:08:56.663Z",
      "user": 1,
      "content_type": 8,
      "object_id": "9",
      "object_repr": "2000, \u0422\u0418\u041d\u0410",
      "action_flag": 1,
      "change_message": "[{\"added\": {}}, {\"added\": {\"name\": \"\\u0424\\u043e\\u0442\\u043e\\u0433\\u0440\\u0430\\u0444\\u0438\\u044f\", \"object\": \"11\"}}, {\"added\": {\"name\": \"\\u0424\\u043e\\u0442\\u043e\\u0433\\u0440\\u0430\\u0444\\u0438\\u044f\", \"object\": \"12\"}}]"
   }
},
{
   "model": "admin.logentry",
   "pk": 26,
   "fields": {
      "action_time": "2017-08-21T20:10:43.816Z",
      "user": 1,
      "content_type": 8,
      "object_id": "10",
      "object_repr": "3000, \u0412\u0438\u043a\u0430",
      "action_flag": 1,
      "change_message": "[{\"added\": {}}, {\"added\": {\"name\": \"\\u0424\\u043e\\u0442\\u043e\\u0433\\u0440\\u0430\\u0444\\u0438\\u044f\", \"object\": \"13\"}}, {\"added\": {\"name\": \"\\u0424\\u043e\\u0442\\u043e\\u0433\\u0440\\u0430\\u0444\\u0438\\u044f\", \"object\": \"14\"}}]"
   }
},
{
   "model": "admin.logentry",
   "pk": 27,
   "fields": {
      "action_time": "2017-08-21T20:43:04.884Z",
      "user": 1,
      "content_type": 8,
      "object_id": "10",
      "object_repr": "3000.00, \u0412\u0438\u043a\u0430",
      "action_flag": 3,
      "change_message": ""
   }
},
{
   "model": "admin.logentry",
   "pk": 28,
   "fields": {
      "action_time": "2017-08-21T20:43:04.967Z",
      "user": 1,
      "content_type": 8,
      "object_id": "9",
      "object_repr": "2000.00, \u0422\u0418\u041d\u0410",
      "action_flag": 3,
      "change_message": ""
   }
},
{
   "model": "admin.logentry",
   "pk": 29,
   "fields": {
      "action_time": "2017-08-21T20:43:05.030Z",
      "user": 1,
      "content_type": 8,
      "object_id": "8",
      "object_repr": "1500.00, \u0418\u043d\u043d\u0430",
      "action_flag": 3,
      "change_message": ""
   }
},
{
   "model": "admin.logentry",
   "pk": 30,
   "fields": {
      "action_time": "2017-08-21T20:43:05.093Z",
      "user": 1,
      "content_type": 8,
      "object_id": "7",
      "object_repr": "1000.00, \u0412\u0430\u043b\u044f",
      "action_flag": 3,
      "change_message": ""
   }
},
{
   "model": "admin.logentry",
   "pk": 31,
   "fields": {
      "action_time": "2017-08-22T13:43:43.304Z",
      "user": 1,
      "content_type": 10,
      "object_id": "7",
      "object_repr": "\u0417\u0430\u043a\u0430\u0437 7 Vlad",
      "action_flag": 3,
      "change_message": ""
   }
},
{
   "model": "admin.logentry",
   "pk": 32,
   "fields": {
      "action_time": "2017-08-22T13:43:43.385Z",
      "user": 1,
      "content_type": 10,
      "object_id": "6",
      "object_repr": "\u0417\u0430\u043a\u0430\u0437 6 Vlad",
      "action_flag": 3,
      "change_message": ""
   }
},
{
   "model": "admin.logentry",
   "pk": 33,
   "fields": {
      "action_time": "2017-08-22T13:43:43.442Z",
      "user": 1,
      "content_type": 10,
      "object_id": "5",
      "object_repr": "\u0417\u0430\u043a\u0430\u0437 5 Vlad",
      "action_flag": 3,
      "change_message": ""
   }
},
{
   "model": "admin.logentry",
   "pk": 34,
   "fields": {
      "action_time": "2017-08-22T13:43:43.505Z",
      "user": 1,
      "content_type": 10,
      "object_id": "4",
      "object_repr": "\u0417\u0430\u043a\u0430\u0437 4 Vlad",
      "action_flag": 3,
      "change_message": ""
   }
},
{
   "model": "admin.logentry",
   "pk": 35,
   "fields": {
      "action_time": "2017-08-22T13:43:43.567Z",
      "user": 1,
      "content_type": 10,
      "object_id": "2",
      "object_repr": "\u0417\u0430\u043a\u0430\u0437 2 Vlad",
      "action_flag": 3,
      "change_message": ""
   }
},
{
   "model": "admin.logentry",
   "pk": 36,
   "fields": {
      "action_time": "2017-08-22T13:43:43.630Z",
      "user": 1,
      "content_type": 10,
      "object_id": "1",
      "object_repr": "\u0417\u0430\u043a\u0430\u0437 1 Vlad",
      "action_flag": 3,
      "change_message": ""
   }
},
{
   "model": "admin.logentry",
   "pk": 37,
   "fields": {
      "action_time": "2017-08-22T13:43:57.867Z",
      "user": 1,
      "content_type": 12,
      "object_id": "1",
      "object_repr": "\u0421\u0442\u0430\u0442\u0443\u0441 Vlad",
      "action_flag": 3,
      "change_message": ""
   }
},
{
   "model": "admin.logentry",
   "pk": 38,
   "fields": {
      "action_time": "2017-08-22T13:44:48.131Z",
      "user": 1,
      "content_type": 4,
      "object_id": "3",
      "object_repr": "0730730043",
      "action_flag": 3,
      "change_message": ""
   }
},
{
   "model": "admin.logentry",
   "pk": 39,
   "fields": {
      "action_time": "2017-08-22T13:44:48.193Z",
      "user": 1,
      "content_type": 4,
      "object_id": "4",
      "object_repr": "07307300434",
      "action_flag": 3,
      "change_message": ""
   }
},
{
   "model": "admin.logentry",
   "pk": 40,
   "fields": {
      "action_time": "2017-08-22T13:44:48.255Z",
      "user": 1,
      "content_type": 4,
      "object_id": "2",
      "object_repr": "0937689215",
      "action_flag": 3,
      "change_message": ""
   }
},
{
   "model": "admin.logentry",
   "pk": 41,
   "fields": {
      "action_time": "2017-08-22T13:44:48.328Z",
      "user": 1,
      "content_type": 4,
      "object_id": "5",
      "object_repr": "123",
      "action_flag": 3,
      "change_message": ""
   }
},
{
   "model": "admin.logentry",
   "pk": 42,
   "fields": {
      "action_time": "2017-08-22T13:44:48.395Z",
      "user": 1,
      "content_type": 4,
      "object_id": "6",
      "object_repr": "123123",
      "action_flag": 3,
      "change_message": ""
   }
},
{
   "model": "admin.logentry",
   "pk": 43,
   "fields": {
      "action_time": "2017-08-22T13:44:48.459Z",
      "user": 1,
      "content_type": 4,
      "object_id": "7",
      "object_repr": "3466363",
      "action_flag": 3,
      "change_message": ""
   }
},
{
   "model": "admin.logentry",
   "pk": 44,
   "fields": {
      "action_time": "2017-08-22T13:44:48.530Z",
      "user": 1,
      "content_type": 4,
      "object_id": "8",
      "object_repr": "435634",
      "action_flag": 3,
      "change_message": ""
   }
},
{
   "model": "admin.logentry",
   "pk": 45,
   "fields": {
      "action_time": "2017-08-22T14:03:04.476Z",
      "user": 1,
      "content_type": 8,
      "object_id": "11",
      "object_repr": "1000.10, IPAD",
      "action_flag": 1,
      "change_message": "[{\"added\": {}}, {\"added\": {\"name\": \"\\u0424\\u043e\\u0442\\u043e\\u0433\\u0440\\u0430\\u0444\\u0438\\u044f\", \"object\": \"15\"}}]"
   }
},
{
   "model": "admin.logentry",
   "pk": 46,
   "fields": {
      "action_time": "2017-08-22T14:08:14.870Z",
      "user": 1,
      "content_type": 8,
      "object_id": "12",
      "object_repr": "2000.50, Good Notebook 12",
      "action_flag": 1,
      "change_message": "[{\"added\": {}}, {\"added\": {\"name\": \"\\u0424\\u043e\\u0442\\u043e\\u0433\\u0440\\u0430\\u0444\\u0438\\u044f\", \"object\": \"16\"}}]"
   }
},
{
   "model": "admin.logentry",
   "pk": 47,
   "fields": {
      "action_time": "2017-08-22T23:54:16.473Z",
      "user": 1,
      "content_type": 8,
      "object_id": "12",
      "object_repr": "2000.50, Good Notebook 12",
      "action_flag": 2,
      "change_message": "[{\"changed\": {\"fields\": [\"short_description\", \"description\"]}}]"
   }
},
{
   "model": "admin.logentry",
   "pk": 48,
   "fields": {
      "action_time": "2017-08-23T19:17:35.071Z",
      "user": 1,
      "content_type": 12,
      "object_id": "2",
      "object_repr": "\u0421\u0442\u0430\u0442\u0443\u0441 \u0412 \u0440\u0430\u0431\u043e\u0442\u0435",
      "action_flag": 1,
      "change_message": "[{\"added\": {}}]"
   }
},
{
   "model": "admin.logentry",
   "pk": 49,
   "fields": {
      "action_time": "2017-08-23T19:21:33.078Z",
      "user": 1,
      "content_type": 10,
      "object_id": "12",
      "object_repr": "\u0417\u0430\u043a\u0430\u0437 12 \u0412 \u0440\u0430\u0431\u043e\u0442\u0435",
      "action_flag": 1,
      "change_message": "[{\"added\": {}}]"
   }
},
{
   "model": "admin.logentry",
   "pk": 50,
   "fields": {
      "action_time": "2017-08-23T20:54:50.908Z",
      "user": 1,
      "content_type": 12,
      "object_id": "2",
      "object_repr": "\u0421\u0442\u0430\u0442\u0443\u0441 \u0412 \u0440\u0430\u0431\u043e\u0442\u0435",
      "action_flag": 3,
      "change_message": ""
   }
},
{
   "model": "admin.logentry",
   "pk": 51,
   "fields": {
      "action_time": "2017-08-23T20:55:14.672Z",
      "user": 1,
      "content_type": 12,
      "object_id": "3",
      "object_repr": "\u0421\u0442\u0430\u0442\u0443\u0441 wsqe",
      "action_flag": 1,
      "change_message": "[{\"added\": {}}]"
   }
},
{
   "model": "admin.logentry",
   "pk": 52,
   "fields": {
      "action_time": "2017-08-23T20:55:19.236Z",
      "user": 1,
      "content_type": 10,
      "object_id": "16",
      "object_repr": "\u0417\u0430\u043a\u0430\u0437 16 wsqe",
      "action_flag": 1,
      "change_message": "[{\"added\": {}}]"
   }
},
{
   "model": "admin.logentry",
   "pk": 53,
   "fields": {
      "action_time": "2017-08-23T20:55:40.410Z",
      "user": 1,
      "content_type": 12,
      "object_id": "3",
      "object_repr": "\u0421\u0442\u0430\u0442\u0443\u0441 wsqe",
      "action_flag": 3,
      "change_message": ""
   }
},
{
   "model": "admin.logentry",
   "pk": 54,
   "fields": {
      "action_time": "2017-08-24T14:14:34.826Z",
      "user": 1,
      "content_type": 8,
      "object_id": "13",
      "object_repr": "200, asdasd",
      "action_flag": 1,
      "change_message": "[{\"added\": {}}, {\"added\": {\"name\": \"\\u0424\\u043e\\u0442\\u043e\\u0433\\u0440\\u0430\\u0444\\u0438\\u044f\", \"object\": \"17\"}}]"
   }
},
{
   "model": "admin.logentry",
   "pk": 55,
   "fields": {
      "action_time": "2017-08-25T16:26:42.495Z",
      "user": 1,
      "content_type": 12,
      "object_id": "4",
      "object_repr": "\u0421\u0442\u0430\u0442\u0443\u0441 qweqwe",
      "action_flag": 1,
      "change_message": "[{\"added\": {}}]"
   }
},
{
   "model": "admin.logentry",
   "pk": 56,
   "fields": {
      "action_time": "2017-08-25T16:26:55.910Z",
      "user": 1,
      "content_type": 10,
      "object_id": "19",
      "object_repr": "\u0417\u0430\u043a\u0430\u0437 19 qweqwe",
      "action_flag": 1,
      "change_message": "[{\"added\": {}}, {\"added\": {\"name\": \"\\u0422\\u043e\\u0432\\u0430\\u0440 \\u0432 \\u0437\\u0430\\u043a\\u0430\\u0437\\u0435\", \"object\": \"IPAD\"}}]"
   }
},
{
   "model": "admin.logentry",
   "pk": 57,
   "fields": {
      "action_time": "2017-08-26T17:51:16.553Z",
      "user": 1,
      "content_type": 8,
      "object_id": "13",
      "object_repr": "200.00, asdasd",
      "action_flag": 3,
      "change_message": ""
   }
},
{
   "model": "admin.logentry",
   "pk": 58,
   "fields": {
      "action_time": "2017-08-27T08:51:49.752Z",
      "user": 1,
      "content_type": 12,
      "object_id": "4",
      "object_repr": "\u0421\u0442\u0430\u0442\u0443\u0441 qweqwe",
      "action_flag": 3,
      "change_message": ""
   }
},
{
   "model": "admin.logentry",
   "pk": 59,
   "fields": {
      "action_time": "2017-08-27T08:52:16.956Z",
      "user": 1,
      "content_type": 12,
      "object_id": "5",
      "object_repr": "\u0421\u0442\u0430\u0442\u0443\u0441 None",
      "action_flag": 1,
      "change_message": "[{\"added\": {}}]"
   }
},
{
   "model": "admin.logentry",
   "pk": 60,
   "fields": {
      "action_time": "2017-08-27T08:55:32.396Z",
      "user": 1,
      "content_type": 11,
      "object_id": "25",
      "object_repr": "Good Notebook 12",
      "action_flag": 3,
      "change_message": ""
   }
},
{
   "model": "admin.logentry",
   "pk": 61,
   "fields": {
      "action_time": "2017-08-27T08:55:32.472Z",
      "user": 1,
      "content_type": 11,
      "object_id": "24",
      "object_repr": "IPAD",
      "action_flag": 3,
      "change_message": ""
   }
},
{
   "model": "admin.logentry",
   "pk": 62,
   "fields": {
      "action_time": "2017-08-27T08:55:32.539Z",
      "user": 1,
      "content_type": 11,
      "object_id": "23",
      "object_repr": "Good Notebook 12",
      "action_flag": 3,
      "change_message": ""
   }
},
{
   "model": "admin.logentry",
   "pk": 63,
   "fields": {
      "action_time": "2017-08-27T08:55:32.598Z",
      "user": 1,
      "content_type": 11,
      "object_id": "21",
      "object_repr": "IPAD",
      "action_flag": 3,
      "change_message": ""
   }
},
{
   "model": "admin.logentry",
   "pk": 64,
   "fields": {
      "action_time": "2017-08-27T08:55:32.663Z",
      "user": 1,
      "content_type": 11,
      "object_id": "20",
      "object_repr": "IPAD",
      "action_flag": 3,
      "change_message": ""
   }
},
{
   "model": "admin.logentry",
   "pk": 65,
   "fields": {
      "action_time": "2017-08-27T08:55:32.727Z",
      "user": 1,
      "content_type": 11,
      "object_id": "19",
      "object_repr": "Good Notebook 12",
      "action_flag": 3,
      "change_message": ""
   }
},
{
   "model": "admin.logentry",
   "pk": 66,
   "fields": {
      "action_time": "2017-08-27T08:55:32.791Z",
      "user": 1,
      "content_type": 11,
      "object_id": "18",
      "object_repr": "Good Notebook 12",
      "action_flag": 3,
      "change_message": ""
   }
},
{
   "model": "admin.logentry",
   "pk": 67,
   "fields": {
      "action_time": "2017-08-27T08:55:32.855Z",
      "user": 1,
      "content_type": 11,
      "object_id": "17",
      "object_repr": "IPAD",
      "action_flag": 3,
      "change_message": ""
   }
},
{
   "model": "admin.logentry",
   "pk": 68,
   "fields": {
      "action_time": "2017-08-27T08:55:32.918Z",
      "user": 1,
      "content_type": 11,
      "object_id": "16",
      "object_repr": "IPAD",
      "action_flag": 3,
      "change_message": ""
   }
},
{
   "model": "admin.logentry",
   "pk": 69,
   "fields": {
      "action_time": "2017-08-27T08:55:32.981Z",
      "user": 1,
      "content_type": 11,
      "object_id": "15",
      "object_repr": "Good Notebook 12",
      "action_flag": 3,
      "change_message": ""
   }
},
{
   "model": "admin.logentry",
   "pk": 70,
   "fields": {
      "action_time": "2017-08-27T08:55:33.045Z",
      "user": 1,
      "content_type": 11,
      "object_id": "14",
      "object_repr": "Good Notebook 12",
      "action_flag": 3,
      "change_message": ""
   }
},
{
   "model": "admin.logentry",
   "pk": 71,
   "fields": {
      "action_time": "2017-08-27T08:55:33.110Z",
      "user": 1,
      "content_type": 11,
      "object_id": "13",
      "object_repr": "IPAD",
      "action_flag": 3,
      "change_message": ""
   }
},
{
   "model": "admin.logentry",
   "pk": 72,
   "fields": {
      "action_time": "2017-08-27T08:55:33.175Z",
      "user": 1,
      "content_type": 11,
      "object_id": "12",
      "object_repr": "Good Notebook 12",
      "action_flag": 3,
      "change_message": ""
   }
},
{
   "model": "admin.logentry",
   "pk": 73,
   "fields": {
      "action_time": "2017-08-27T08:55:33.246Z",
      "user": 1,
      "content_type": 11,
      "object_id": "11",
      "object_repr": "IPAD",
      "action_flag": 3,
      "change_message": ""
   }
},
{
   "model": "admin.logentry",
   "pk": 74,
   "fields": {
      "action_time": "2017-08-27T08:55:33.314Z",
      "user": 1,
      "content_type": 11,
      "object_id": "10",
      "object_repr": "Good Notebook 12",
      "action_flag": 3,
      "change_message": ""
   }
},
{
   "model": "admin.logentry",
   "pk": 75,
   "fields": {
      "action_time": "2017-08-27T08:55:33.375Z",
      "user": 1,
      "content_type": 11,
      "object_id": "9",
      "object_repr": "IPAD",
      "action_flag": 3,
      "change_message": ""
   }
},
{
   "model": "admin.logentry",
   "pk": 76,
   "fields": {
      "action_time": "2017-08-27T08:55:33.448Z",
      "user": 1,
      "content_type": 11,
      "object_id": "8",
      "object_repr": "IPAD",
      "action_flag": 3,
      "change_message": ""
   }
},
{
   "model": "admin.logentry",
   "pk": 77,
   "fields": {
      "action_time": "2017-08-27T08:55:48.538Z",
      "user": 1,
      "content_type": 12,
      "object_id": "5",
      "object_repr": "\u0421\u0442\u0430\u0442\u0443\u0441 None",
      "action_flag": 3,
      "change_message": ""
   }
},
{
   "model": "admin.logentry",
   "pk": 78,
   "fields": {
      "action_time": "2017-08-27T08:56:03.744Z",
      "user": 1,
      "content_type": 15,
      "object_id": "131",
      "object_repr": "Good Notebook 12",
      "action_flag": 3,
      "change_message": ""
   }
},
{
   "model": "admin.logentry",
   "pk": 79,
   "fields": {
      "action_time": "2017-08-27T08:56:03.830Z",
      "user": 1,
      "content_type": 15,
      "object_id": "130",
      "object_repr": "Good Notebook 12",
      "action_flag": 3,
      "change_message": ""
   }
},
{
   "model": "admin.logentry",
   "pk": 80,
   "fields": {
      "action_time": "2017-08-27T08:56:03.894Z",
      "user": 1,
      "content_type": 15,
      "object_id": "129",
      "object_repr": "IPAD",
      "action_flag": 3,
      "change_message": ""
   }
},
{
   "model": "admin.logentry",
   "pk": 81,
   "fields": {
      "action_time": "2017-08-27T08:56:03.957Z",
      "user": 1,
      "content_type": 15,
      "object_id": "128",
      "object_repr": "Good Notebook 12",
      "action_flag": 3,
      "change_message": ""
   }
},
{
   "model": "admin.logentry",
   "pk": 82,
   "fields": {
      "action_time": "2017-08-27T08:56:04.022Z",
      "user": 1,
      "content_type": 15,
      "object_id": "127",
      "object_repr": "IPAD",
      "action_flag": 3,
      "change_message": ""
   }
},
{
   "model": "admin.logentry",
   "pk": 83,
   "fields": {
      "action_time": "2017-08-27T08:56:04.087Z",
      "user": 1,
      "content_type": 15,
      "object_id": "126",
      "object_repr": "Good Notebook 12",
      "action_flag": 3,
      "change_message": ""
   }
},
{
   "model": "admin.logentry",
   "pk": 84,
   "fields": {
      "action_time": "2017-08-27T08:56:04.149Z",
      "user": 1,
      "content_type": 15,
      "object_id": "125",
      "object_repr": "Good Notebook 12",
      "action_flag": 3,
      "change_message": ""
   }
},
{
   "model": "admin.logentry",
   "pk": 85,
   "fields": {
      "action_time": "2017-08-27T08:56:04.213Z",
      "user": 1,
      "content_type": 15,
      "object_id": "124",
      "object_repr": "IPAD",
      "action_flag": 3,
      "change_message": ""
   }
},
{
   "model": "admin.logentry",
   "pk": 86,
   "fields": {
      "action_time": "2017-08-27T08:56:04.277Z",
      "user": 1,
      "content_type": 15,
      "object_id": "123",
      "object_repr": "IPAD",
      "action_flag": 3,
      "change_message": ""
   }
},
{
   "model": "admin.logentry",
   "pk": 87,
   "fields": {
      "action_time": "2017-08-27T08:56:04.343Z",
      "user": 1,
      "content_type": 15,
      "object_id": "122",
      "object_repr": "IPAD",
      "action_flag": 3,
      "change_message": ""
   }
},
{
   "model": "admin.logentry",
   "pk": 88,
   "fields": {
      "action_time": "2017-08-27T08:56:04.405Z",
      "user": 1,
      "content_type": 15,
      "object_id": "121",
      "object_repr": "Good Notebook 12",
      "action_flag": 3,
      "change_message": ""
   }
},
{
   "model": "admin.logentry",
   "pk": 89,
   "fields": {
      "action_time": "2017-08-27T08:56:04.469Z",
      "user": 1,
      "content_type": 15,
      "object_id": "120",
      "object_repr": "Good Notebook 12",
      "action_flag": 3,
      "change_message": ""
   }
},
{
   "model": "admin.logentry",
   "pk": 90,
   "fields": {
      "action_time": "2017-08-27T08:56:04.536Z",
      "user": 1,
      "content_type": 15,
      "object_id": "119",
      "object_repr": "IPAD",
      "action_flag": 3,
      "change_message": ""
   }
},
{
   "model": "admin.logentry",
   "pk": 91,
   "fields": {
      "action_time": "2017-08-27T08:56:04.601Z",
      "user": 1,
      "content_type": 15,
      "object_id": "118",
      "object_repr": "Good Notebook 12",
      "action_flag": 3,
      "change_message": ""
   }
},
{
   "model": "admin.logentry",
   "pk": 92,
   "fields": {
      "action_time": "2017-08-27T08:56:04.694Z",
      "user": 1,
      "content_type": 15,
      "object_id": "117",
      "object_repr": "Good Notebook 12",
      "action_flag": 3,
      "change_message": ""
   }
},
{
   "model": "admin.logentry",
   "pk": 93,
   "fields": {
      "action_time": "2017-08-27T08:56:04.757Z",
      "user": 1,
      "content_type": 15,
      "object_id": "116",
      "object_repr": "Good Notebook 12",
      "action_flag": 3,
      "change_message": ""
   }
},
{
   "model": "admin.logentry",
   "pk": 94,
   "fields": {
      "action_time": "2017-08-27T08:56:04.821Z",
      "user": 1,
      "content_type": 15,
      "object_id": "115",
      "object_repr": "Good Notebook 12",
      "action_flag": 3,
      "change_message": ""
   }
},
{
   "model": "admin.logentry",
   "pk": 95,
   "fields": {
      "action_time": "2017-08-27T08:56:04.885Z",
      "user": 1,
      "content_type": 15,
      "object_id": "114",
      "object_repr": "Good Notebook 12",
      "action_flag": 3,
      "change_message": ""
   }
},
{
   "model": "admin.logentry",
   "pk": 96,
   "fields": {
      "action_time": "2017-08-27T08:56:04.950Z",
      "user": 1,
      "content_type": 15,
      "object_id": "113",
      "object_repr": "Good Notebook 12",
      "action_flag": 3,
      "change_message": ""
   }
},
{
   "model": "admin.logentry",
   "pk": 97,
   "fields": {
      "action_time": "2017-08-27T08:56:05.033Z",
      "user": 1,
      "content_type": 15,
      "object_id": "112",
      "object_repr": "Good Notebook 12",
      "action_flag": 3,
      "change_message": ""
   }
},
{
   "model": "admin.logentry",
   "pk": 98,
   "fields": {
      "action_time": "2017-08-27T08:56:05.097Z",
      "user": 1,
      "content_type": 15,
      "object_id": "111",
      "object_repr": "IPAD",
      "action_flag": 3,
      "change_message": ""
   }
},
{
   "model": "admin.logentry",
   "pk": 99,
   "fields": {
      "action_time": "2017-08-27T08:56:05.185Z",
      "user": 1,
      "content_type": 15,
      "object_id": "110",
      "object_repr": "Good Notebook 12",
      "action_flag": 3,
      "change_message": ""
   }
},
{
   "model": "admin.logentry",
   "pk": 100,
   "fields": {
      "action_time": "2017-08-27T08:56:05.264Z",
      "user": 1,
      "content_type": 15,
      "object_id": "109",
      "object_repr": "Good Notebook 12",
      "action_flag": 3,
      "change_message": ""
   }
},
{
   "model": "admin.logentry",
   "pk": 101,
   "fields": {
      "action_time": "2017-08-27T08:56:05.337Z",
      "user": 1,
      "content_type": 15,
      "object_id": "108",
      "object_repr": "Good Notebook 12",
      "action_flag": 3,
      "change_message": ""
   }
},
{
   "model": "admin.logentry",
   "pk": 102,
   "fields": {
      "action_time": "2017-08-27T08:56:05.403Z",
      "user": 1,
      "content_type": 15,
      "object_id": "107",
      "object_repr": "Good Notebook 12",
      "action_flag": 3,
      "change_message": ""
   }
},
{
   "model": "admin.logentry",
   "pk": 103,
   "fields": {
      "action_time": "2017-08-27T08:56:05.467Z",
      "user": 1,
      "content_type": 15,
      "object_id": "106",
      "object_repr": "IPAD",
      "action_flag": 3,
      "change_message": ""
   }
},
{
   "model": "admin.logentry",
   "pk": 104,
   "fields": {
      "action_time": "2017-08-27T08:56:05.590Z",
      "user": 1,
      "content_type": 15,
      "object_id": "105",
      "object_repr": "Good Notebook 12",
      "action_flag": 3,
      "change_message": ""
   }
},
{
   "model": "admin.logentry",
   "pk": 105,
   "fields": {
      "action_time": "2017-08-27T08:56:05.682Z",
      "user": 1,
      "content_type": 15,
      "object_id": "104",
      "object_repr": "IPAD",
      "action_flag": 3,
      "change_message": ""
   }
},
{
   "model": "admin.logentry",
   "pk": 106,
   "fields": {
      "action_time": "2017-08-27T08:56:05.747Z",
      "user": 1,
      "content_type": 15,
      "object_id": "103",
      "object_repr": "Good Notebook 12",
      "action_flag": 3,
      "change_message": ""
   }
},
{
   "model": "admin.logentry",
   "pk": 107,
   "fields": {
      "action_time": "2017-08-27T08:56:05.811Z",
      "user": 1,
      "content_type": 15,
      "object_id": "102",
      "object_repr": "Good Notebook 12",
      "action_flag": 3,
      "change_message": ""
   }
},
{
   "model": "admin.logentry",
   "pk": 108,
   "fields": {
      "action_time": "2017-08-27T08:56:05.874Z",
      "user": 1,
      "content_type": 15,
      "object_id": "101",
      "object_repr": "Good Notebook 12",
      "action_flag": 3,
      "change_message": ""
   }
},
{
   "model": "admin.logentry",
   "pk": 109,
   "fields": {
      "action_time": "2017-08-27T08:56:05.938Z",
      "user": 1,
      "content_type": 15,
      "object_id": "100",
      "object_repr": "IPAD",
      "action_flag": 3,
      "change_message": ""
   }
},
{
   "model": "admin.logentry",
   "pk": 110,
   "fields": {
      "action_time": "2017-08-27T08:56:06.010Z",
      "user": 1,
      "content_type": 15,
      "object_id": "99",
      "object_repr": "Good Notebook 12",
      "action_flag": 3,
      "change_message": ""
   }
},
{
   "model": "admin.logentry",
   "pk": 111,
   "fields": {
      "action_time": "2017-08-27T08:56:06.086Z",
      "user": 1,
      "content_type": 15,
      "object_id": "97",
      "object_repr": "Good Notebook 12",
      "action_flag": 3,
      "change_message": ""
   }
},
{
   "model": "admin.logentry",
   "pk": 112,
   "fields": {
      "action_time": "2017-08-27T08:56:06.152Z",
      "user": 1,
      "content_type": 15,
      "object_id": "96",
      "object_repr": "Good Notebook 12",
      "action_flag": 3,
      "change_message": ""
   }
},
{
   "model": "admin.logentry",
   "pk": 113,
   "fields": {
      "action_time": "2017-08-27T08:56:06.213Z",
      "user": 1,
      "content_type": 15,
      "object_id": "95",
      "object_repr": "Good Notebook 12",
      "action_flag": 3,
      "change_message": ""
   }
},
{
   "model": "admin.logentry",
   "pk": 114,
   "fields": {
      "action_time": "2017-08-27T08:56:06.277Z",
      "user": 1,
      "content_type": 15,
      "object_id": "94",
      "object_repr": "Good Notebook 12",
      "action_flag": 3,
      "change_message": ""
   }
},
{
   "model": "admin.logentry",
   "pk": 115,
   "fields": {
      "action_time": "2017-08-27T08:56:06.340Z",
      "user": 1,
      "content_type": 15,
      "object_id": "93",
      "object_repr": "Good Notebook 12",
      "action_flag": 3,
      "change_message": ""
   }
},
{
   "model": "admin.logentry",
   "pk": 116,
   "fields": {
      "action_time": "2017-08-27T08:56:06.436Z",
      "user": 1,
      "content_type": 15,
      "object_id": "92",
      "object_repr": "IPAD",
      "action_flag": 3,
      "change_message": ""
   }
},
{
   "model": "admin.logentry",
   "pk": 117,
   "fields": {
      "action_time": "2017-08-27T08:56:06.499Z",
      "user": 1,
      "content_type": 15,
      "object_id": "91",
      "object_repr": "Good Notebook 12",
      "action_flag": 3,
      "change_message": ""
   }
},
{
   "model": "admin.logentry",
   "pk": 118,
   "fields": {
      "action_time": "2017-08-27T08:56:06.563Z",
      "user": 1,
      "content_type": 15,
      "object_id": "90",
      "object_repr": "IPAD",
      "action_flag": 3,
      "change_message": ""
   }
},
{
   "model": "admin.logentry",
   "pk": 119,
   "fields": {
      "action_time": "2017-08-27T08:56:06.633Z",
      "user": 1,
      "content_type": 15,
      "object_id": "89",
      "object_repr": "Good Notebook 12",
      "action_flag": 3,
      "change_message": ""
   }
},
{
   "model": "admin.logentry",
   "pk": 120,
   "fields": {
      "action_time": "2017-08-27T08:56:06.719Z",
      "user": 1,
      "content_type": 15,
      "object_id": "88",
      "object_repr": "Good Notebook 12",
      "action_flag": 3,
      "change_message": ""
   }
},
{
   "model": "admin.logentry",
   "pk": 121,
   "fields": {
      "action_time": "2017-08-27T08:56:06.794Z",
      "user": 1,
      "content_type": 15,
      "object_id": "87",
      "object_repr": "Good Notebook 12",
      "action_flag": 3,
      "change_message": ""
   }
},
{
   "model": "admin.logentry",
   "pk": 122,
   "fields": {
      "action_time": "2017-08-27T08:56:06.857Z",
      "user": 1,
      "content_type": 15,
      "object_id": "86",
      "object_repr": "Good Notebook 12",
      "action_flag": 3,
      "change_message": ""
   }
},
{
   "model": "admin.logentry",
   "pk": 123,
   "fields": {
      "action_time": "2017-08-27T08:56:06.921Z",
      "user": 1,
      "content_type": 15,
      "object_id": "85",
      "object_repr": "Good Notebook 12",
      "action_flag": 3,
      "change_message": ""
   }
},
{
   "model": "admin.logentry",
   "pk": 124,
   "fields": {
      "action_time": "2017-08-27T08:56:06.986Z",
      "user": 1,
      "content_type": 15,
      "object_id": "84",
      "object_repr": "Good Notebook 12",
      "action_flag": 3,
      "change_message": ""
   }
},
{
   "model": "admin.logentry",
   "pk": 125,
   "fields": {
      "action_time": "2017-08-27T08:56:07.049Z",
      "user": 1,
      "content_type": 15,
      "object_id": "83",
      "object_repr": "Good Notebook 12",
      "action_flag": 3,
      "change_message": ""
   }
},
{
   "model": "admin.logentry",
   "pk": 126,
   "fields": {
      "action_time": "2017-08-27T08:56:07.122Z",
      "user": 1,
      "content_type": 15,
      "object_id": "82",
      "object_repr": "Good Notebook 12",
      "action_flag": 3,
      "change_message": ""
   }
},
{
   "model": "admin.logentry",
   "pk": 127,
   "fields": {
      "action_time": "2017-08-27T08:56:07.185Z",
      "user": 1,
      "content_type": 15,
      "object_id": "81",
      "object_repr": "Good Notebook 12",
      "action_flag": 3,
      "change_message": ""
   }
},
{
   "model": "admin.logentry",
   "pk": 128,
   "fields": {
      "action_time": "2017-08-27T08:56:07.280Z",
      "user": 1,
      "content_type": 15,
      "object_id": "80",
      "object_repr": "Good Notebook 12",
      "action_flag": 3,
      "change_message": ""
   }
},
{
   "model": "admin.logentry",
   "pk": 129,
   "fields": {
      "action_time": "2017-08-27T08:56:07.353Z",
      "user": 1,
      "content_type": 15,
      "object_id": "79",
      "object_repr": "IPAD",
      "action_flag": 3,
      "change_message": ""
   }
},
{
   "model": "admin.logentry",
   "pk": 130,
   "fields": {
      "action_time": "2017-08-27T08:56:07.416Z",
      "user": 1,
      "content_type": 15,
      "object_id": "78",
      "object_repr": "Good Notebook 12",
      "action_flag": 3,
      "change_message": ""
   }
},
{
   "model": "admin.logentry",
   "pk": 131,
   "fields": {
      "action_time": "2017-08-27T08:56:07.480Z",
      "user": 1,
      "content_type": 15,
      "object_id": "77",
      "object_repr": "Good Notebook 12",
      "action_flag": 3,
      "change_message": ""
   }
},
{
   "model": "admin.logentry",
   "pk": 132,
   "fields": {
      "action_time": "2017-08-27T08:56:07.543Z",
      "user": 1,
      "content_type": 15,
      "object_id": "76",
      "object_repr": "Good Notebook 12",
      "action_flag": 3,
      "change_message": ""
   }
},
{
   "model": "admin.logentry",
   "pk": 133,
   "fields": {
      "action_time": "2017-08-27T08:56:07.608Z",
      "user": 1,
      "content_type": 15,
      "object_id": "75",
      "object_repr": "Good Notebook 12",
      "action_flag": 3,
      "change_message": ""
   }
},
{
   "model": "admin.logentry",
   "pk": 134,
   "fields": {
      "action_time": "2017-08-27T08:56:07.685Z",
      "user": 1,
      "content_type": 15,
      "object_id": "74",
      "object_repr": "Good Notebook 12",
      "action_flag": 3,
      "change_message": ""
   }
},
{
   "model": "admin.logentry",
   "pk": 135,
   "fields": {
      "action_time": "2017-08-27T08:56:07.749Z",
      "user": 1,
      "content_type": 15,
      "object_id": "72",
      "object_repr": "IPAD",
      "action_flag": 3,
      "change_message": ""
   }
},
{
   "model": "admin.logentry",
   "pk": 136,
   "fields": {
      "action_time": "2017-08-27T08:56:07.812Z",
      "user": 1,
      "content_type": 15,
      "object_id": "71",
      "object_repr": "Good Notebook 12",
      "action_flag": 3,
      "change_message": ""
   }
},
{
   "model": "admin.logentry",
   "pk": 137,
   "fields": {
      "action_time": "2017-08-27T08:56:07.876Z",
      "user": 1,
      "content_type": 15,
      "object_id": "70",
      "object_repr": "IPAD",
      "action_flag": 3,
      "change_message": ""
   }
},
{
   "model": "admin.logentry",
   "pk": 138,
   "fields": {
      "action_time": "2017-08-27T08:56:07.941Z",
      "user": 1,
      "content_type": 15,
      "object_id": "69",
      "object_repr": "IPAD",
      "action_flag": 3,
      "change_message": ""
   }
},
{
   "model": "admin.logentry",
   "pk": 139,
   "fields": {
      "action_time": "2017-08-27T08:56:08.004Z",
      "user": 1,
      "content_type": 15,
      "object_id": "68",
      "object_repr": "IPAD",
      "action_flag": 3,
      "change_message": ""
   }
},
{
   "model": "admin.logentry",
   "pk": 140,
   "fields": {
      "action_time": "2017-08-27T08:56:08.068Z",
      "user": 1,
      "content_type": 15,
      "object_id": "67",
      "object_repr": "Good Notebook 12",
      "action_flag": 3,
      "change_message": ""
   }
},
{
   "model": "admin.logentry",
   "pk": 141,
   "fields": {
      "action_time": "2017-08-27T08:56:08.131Z",
      "user": 1,
      "content_type": 15,
      "object_id": "66",
      "object_repr": "IPAD",
      "action_flag": 3,
      "change_message": ""
   }
},
{
   "model": "admin.logentry",
   "pk": 142,
   "fields": {
      "action_time": "2017-08-27T08:56:08.195Z",
      "user": 1,
      "content_type": 15,
      "object_id": "65",
      "object_repr": "Good Notebook 12",
      "action_flag": 3,
      "change_message": ""
   }
},
{
   "model": "admin.logentry",
   "pk": 143,
   "fields": {
      "action_time": "2017-08-27T08:56:08.257Z",
      "user": 1,
      "content_type": 15,
      "object_id": "64",
      "object_repr": "Good Notebook 12",
      "action_flag": 3,
      "change_message": ""
   }
},
{
   "model": "admin.logentry",
   "pk": 144,
   "fields": {
      "action_time": "2017-08-27T08:56:08.323Z",
      "user": 1,
      "content_type": 15,
      "object_id": "63",
      "object_repr": "IPAD",
      "action_flag": 3,
      "change_message": ""
   }
},
{
   "model": "admin.logentry",
   "pk": 145,
   "fields": {
      "action_time": "2017-08-27T08:56:08.386Z",
      "user": 1,
      "content_type": 15,
      "object_id": "62",
      "object_repr": "Good Notebook 12",
      "action_flag": 3,
      "change_message": ""
   }
},
{
   "model": "admin.logentry",
   "pk": 146,
   "fields": {
      "action_time": "2017-08-27T08:56:08.450Z",
      "user": 1,
      "content_type": 15,
      "object_id": "61",
      "object_repr": "IPAD",
      "action_flag": 3,
      "change_message": ""
   }
},
{
   "model": "admin.logentry",
   "pk": 147,
   "fields": {
      "action_time": "2017-08-27T08:56:08.513Z",
      "user": 1,
      "content_type": 15,
      "object_id": "60",
      "object_repr": "Good Notebook 12",
      "action_flag": 3,
      "change_message": ""
   }
},
{
   "model": "admin.logentry",
   "pk": 148,
   "fields": {
      "action_time": "2017-08-27T08:56:08.577Z",
      "user": 1,
      "content_type": 15,
      "object_id": "59",
      "object_repr": "IPAD",
      "action_flag": 3,
      "change_message": ""
   }
},
{
   "model": "admin.logentry",
   "pk": 149,
   "fields": {
      "action_time": "2017-08-27T08:56:08.653Z",
      "user": 1,
      "content_type": 15,
      "object_id": "58",
      "object_repr": "Good Notebook 12",
      "action_flag": 3,
      "change_message": ""
   }
},
{
   "model": "admin.logentry",
   "pk": 150,
   "fields": {
      "action_time": "2017-08-27T08:56:08.715Z",
      "user": 1,
      "content_type": 15,
      "object_id": "57",
      "object_repr": "IPAD",
      "action_flag": 3,
      "change_message": ""
   }
},
{
   "model": "admin.logentry",
   "pk": 151,
   "fields": {
      "action_time": "2017-08-27T08:56:08.779Z",
      "user": 1,
      "content_type": 15,
      "object_id": "56",
      "object_repr": "IPAD",
      "action_flag": 3,
      "change_message": ""
   }
},
{
   "model": "admin.logentry",
   "pk": 152,
   "fields": {
      "action_time": "2017-08-27T08:56:08.844Z",
      "user": 1,
      "content_type": 15,
      "object_id": "55",
      "object_repr": "Good Notebook 12",
      "action_flag": 3,
      "change_message": ""
   }
},
{
   "model": "admin.logentry",
   "pk": 153,
   "fields": {
      "action_time": "2017-08-27T08:56:08.908Z",
      "user": 1,
      "content_type": 15,
      "object_id": "54",
      "object_repr": "IPAD",
      "action_flag": 3,
      "change_message": ""
   }
},
{
   "model": "admin.logentry",
   "pk": 154,
   "fields": {
      "action_time": "2017-08-27T08:56:08.971Z",
      "user": 1,
      "content_type": 15,
      "object_id": "53",
      "object_repr": "Good Notebook 12",
      "action_flag": 3,
      "change_message": ""
   }
},
{
   "model": "admin.logentry",
   "pk": 155,
   "fields": {
      "action_time": "2017-08-27T08:56:09.034Z",
      "user": 1,
      "content_type": 15,
      "object_id": "52",
      "object_repr": "Good Notebook 12",
      "action_flag": 3,
      "change_message": ""
   }
},
{
   "model": "admin.logentry",
   "pk": 156,
   "fields": {
      "action_time": "2017-08-27T08:56:09.099Z",
      "user": 1,
      "content_type": 15,
      "object_id": "51",
      "object_repr": "IPAD",
      "action_flag": 3,
      "change_message": ""
   }
},
{
   "model": "admin.logentry",
   "pk": 157,
   "fields": {
      "action_time": "2017-08-27T08:56:09.161Z",
      "user": 1,
      "content_type": 15,
      "object_id": "50",
      "object_repr": "Good Notebook 12",
      "action_flag": 3,
      "change_message": ""
   }
},
{
   "model": "admin.logentry",
   "pk": 158,
   "fields": {
      "action_time": "2017-08-27T08:56:09.224Z",
      "user": 1,
      "content_type": 15,
      "object_id": "49",
      "object_repr": "IPAD",
      "action_flag": 3,
      "change_message": ""
   }
},
{
   "model": "admin.logentry",
   "pk": 159,
   "fields": {
      "action_time": "2017-08-27T08:56:09.289Z",
      "user": 1,
      "content_type": 15,
      "object_id": "48",
      "object_repr": "IPAD",
      "action_flag": 3,
      "change_message": ""
   }
},
{
   "model": "admin.logentry",
   "pk": 160,
   "fields": {
      "action_time": "2017-08-27T08:56:09.353Z",
      "user": 1,
      "content_type": 15,
      "object_id": "47",
      "object_repr": "Good Notebook 12",
      "action_flag": 3,
      "change_message": ""
   }
},
{
   "model": "admin.logentry",
   "pk": 161,
   "fields": {
      "action_time": "2017-08-27T08:56:09.418Z",
      "user": 1,
      "content_type": 15,
      "object_id": "46",
      "object_repr": "IPAD",
      "action_flag": 3,
      "change_message": ""
   }
},
{
   "model": "admin.logentry",
   "pk": 162,
   "fields": {
      "action_time": "2017-08-27T08:56:09.500Z",
      "user": 1,
      "content_type": 15,
      "object_id": "45",
      "object_repr": "Good Notebook 12",
      "action_flag": 3,
      "change_message": ""
   }
},
{
   "model": "admin.logentry",
   "pk": 163,
   "fields": {
      "action_time": "2017-08-27T08:56:09.565Z",
      "user": 1,
      "content_type": 15,
      "object_id": "44",
      "object_repr": "IPAD",
      "action_flag": 3,
      "change_message": ""
   }
},
{
   "model": "admin.logentry",
   "pk": 164,
   "fields": {
      "action_time": "2017-08-27T08:56:09.687Z",
      "user": 1,
      "content_type": 15,
      "object_id": "43",
      "object_repr": "IPAD",
      "action_flag": 3,
      "change_message": ""
   }
},
{
   "model": "admin.logentry",
   "pk": 165,
   "fields": {
      "action_time": "2017-08-27T08:56:09.772Z",
      "user": 1,
      "content_type": 15,
      "object_id": "42",
      "object_repr": "IPAD",
      "action_flag": 3,
      "change_message": ""
   }
},
{
   "model": "admin.logentry",
   "pk": 166,
   "fields": {
      "action_time": "2017-08-27T08:56:09.855Z",
      "user": 1,
      "content_type": 15,
      "object_id": "41",
      "object_repr": "IPAD",
      "action_flag": 3,
      "change_message": ""
   }
},
{
   "model": "admin.logentry",
   "pk": 167,
   "fields": {
      "action_time": "2017-08-27T08:56:09.921Z",
      "user": 1,
      "content_type": 15,
      "object_id": "40",
      "object_repr": "Good Notebook 12",
      "action_flag": 3,
      "change_message": ""
   }
},
{
   "model": "admin.logentry",
   "pk": 168,
   "fields": {
      "action_time": "2017-08-27T08:56:10.004Z",
      "user": 1,
      "content_type": 15,
      "object_id": "39",
      "object_repr": "IPAD",
      "action_flag": 3,
      "change_message": ""
   }
},
{
   "model": "admin.logentry",
   "pk": 169,
   "fields": {
      "action_time": "2017-08-27T08:56:10.068Z",
      "user": 1,
      "content_type": 15,
      "object_id": "38",
      "object_repr": "Good Notebook 12",
      "action_flag": 3,
      "change_message": ""
   }
},
{
   "model": "admin.logentry",
   "pk": 170,
   "fields": {
      "action_time": "2017-08-27T08:56:10.139Z",
      "user": 1,
      "content_type": 15,
      "object_id": "37",
      "object_repr": "IPAD",
      "action_flag": 3,
      "change_message": ""
   }
},
{
   "model": "admin.logentry",
   "pk": 171,
   "fields": {
      "action_time": "2017-08-27T08:56:10.225Z",
      "user": 1,
      "content_type": 15,
      "object_id": "36",
      "object_repr": "Good Notebook 12",
      "action_flag": 3,
      "change_message": ""
   }
},
{
   "model": "admin.logentry",
   "pk": 172,
   "fields": {
      "action_time": "2017-08-27T08:56:10.295Z",
      "user": 1,
      "content_type": 15,
      "object_id": "35",
      "object_repr": "IPAD",
      "action_flag": 3,
      "change_message": ""
   }
},
{
   "model": "admin.logentry",
   "pk": 173,
   "fields": {
      "action_time": "2017-08-27T08:56:10.372Z",
      "user": 1,
      "content_type": 15,
      "object_id": "34",
      "object_repr": "Good Notebook 12",
      "action_flag": 3,
      "change_message": ""
   }
},
{
   "model": "admin.logentry",
   "pk": 174,
   "fields": {
      "action_time": "2017-08-27T08:56:10.466Z",
      "user": 1,
      "content_type": 15,
      "object_id": "33",
      "object_repr": "Good Notebook 12",
      "action_flag": 3,
      "change_message": ""
   }
},
{
   "model": "admin.logentry",
   "pk": 175,
   "fields": {
      "action_time": "2017-08-27T08:56:10.550Z",
      "user": 1,
      "content_type": 15,
      "object_id": "32",
      "object_repr": "Good Notebook 12",
      "action_flag": 3,
      "change_message": ""
   }
},
{
   "model": "admin.logentry",
   "pk": 176,
   "fields": {
      "action_time": "2017-08-27T08:56:10.614Z",
      "user": 1,
      "content_type": 15,
      "object_id": "31",
      "object_repr": "Good Notebook 12",
      "action_flag": 3,
      "change_message": ""
   }
},
{
   "model": "admin.logentry",
   "pk": 177,
   "fields": {
      "action_time": "2017-08-27T08:56:10.726Z",
      "user": 1,
      "content_type": 15,
      "object_id": "30",
      "object_repr": "IPAD",
      "action_flag": 3,
      "change_message": ""
   }
},
{
   "model": "admin.logentry",
   "pk": 178,
   "fields": {
      "action_time": "2017-08-27T08:56:11.329Z",
      "user": 1,
      "content_type": 15,
      "object_id": "131",
      "object_repr": "Good Notebook 12",
      "action_flag": 3,
      "change_message": ""
   }
},
{
   "model": "admin.logentry",
   "pk": 179,
   "fields": {
      "action_time": "2017-08-27T08:56:11.418Z",
      "user": 1,
      "content_type": 15,
      "object_id": "130",
      "object_repr": "Good Notebook 12",
      "action_flag": 3,
      "change_message": ""
   }
},
{
   "model": "admin.logentry",
   "pk": 180,
   "fields": {
      "action_time": "2017-08-27T08:56:11.482Z",
      "user": 1,
      "content_type": 15,
      "object_id": "129",
      "object_repr": "IPAD",
      "action_flag": 3,
      "change_message": ""
   }
},
{
   "model": "admin.logentry",
   "pk": 181,
   "fields": {
      "action_time": "2017-08-27T08:56:11.636Z",
      "user": 1,
      "content_type": 15,
      "object_id": "128",
      "object_repr": "Good Notebook 12",
      "action_flag": 3,
      "change_message": ""
   }
},
{
   "model": "admin.logentry",
   "pk": 182,
   "fields": {
      "action_time": "2017-08-27T08:56:11.700Z",
      "user": 1,
      "content_type": 15,
      "object_id": "127",
      "object_repr": "IPAD",
      "action_flag": 3,
      "change_message": ""
   }
},
{
   "model": "admin.logentry",
   "pk": 183,
   "fields": {
      "action_time": "2017-08-27T08:56:11.787Z",
      "user": 1,
      "content_type": 15,
      "object_id": "126",
      "object_repr": "Good Notebook 12",
      "action_flag": 3,
      "change_message": ""
   }
},
{
   "model": "admin.logentry",
   "pk": 184,
   "fields": {
      "action_time": "2017-08-27T08:56:11.851Z",
      "user": 1,
      "content_type": 15,
      "object_id": "125",
      "object_repr": "Good Notebook 12",
      "action_flag": 3,
      "change_message": ""
   }
},
{
   "model": "admin.logentry",
   "pk": 185,
   "fields": {
      "action_time": "2017-08-27T08:56:11.944Z",
      "user": 1,
      "content_type": 15,
      "object_id": "124",
      "object_repr": "IPAD",
      "action_flag": 3,
      "change_message": ""
   }
},
{
   "model": "admin.logentry",
   "pk": 186,
   "fields": {
      "action_time": "2017-08-27T08:56:12.007Z",
      "user": 1,
      "content_type": 15,
      "object_id": "123",
      "object_repr": "IPAD",
      "action_flag": 3,
      "change_message": ""
   }
},
{
   "model": "admin.logentry",
   "pk": 187,
   "fields": {
      "action_time": "2017-08-27T08:56:11.486Z",
      "user": 1,
      "content_type": 15,
      "object_id": "131",
      "object_repr": "Good Notebook 12",
      "action_flag": 3,
      "change_message": ""
   }
},
{
   "model": "admin.logentry",
   "pk": 188,
   "fields": {
      "action_time": "2017-08-27T08:56:12.129Z",
      "user": 1,
      "content_type": 15,
      "object_id": "130",
      "object_repr": "Good Notebook 12",
      "action_flag": 3,
      "change_message": ""
   }
},
{
   "model": "admin.logentry",
   "pk": 189,
   "fields": {
      "action_time": "2017-08-27T08:56:12.189Z",
      "user": 1,
      "content_type": 15,
      "object_id": "129",
      "object_repr": "IPAD",
      "action_flag": 3,
      "change_message": ""
   }
},
{
   "model": "admin.logentry",
   "pk": 190,
   "fields": {
      "action_time": "2017-08-27T08:56:12.253Z",
      "user": 1,
      "content_type": 15,
      "object_id": "128",
      "object_repr": "Good Notebook 12",
      "action_flag": 3,
      "change_message": ""
   }
},
{
   "model": "admin.logentry",
   "pk": 191,
   "fields": {
      "action_time": "2017-08-27T08:56:12.317Z",
      "user": 1,
      "content_type": 15,
      "object_id": "127",
      "object_repr": "IPAD",
      "action_flag": 3,
      "change_message": ""
   }
},
{
   "model": "admin.logentry",
   "pk": 192,
   "fields": {
      "action_time": "2017-08-27T08:56:12.379Z",
      "user": 1,
      "content_type": 15,
      "object_id": "126",
      "object_repr": "Good Notebook 12",
      "action_flag": 3,
      "change_message": ""
   }
},
{
   "model": "admin.logentry",
   "pk": 193,
   "fields": {
      "action_time": "2017-08-27T08:56:12.441Z",
      "user": 1,
      "content_type": 15,
      "object_id": "125",
      "object_repr": "Good Notebook 12",
      "action_flag": 3,
      "change_message": ""
   }
},
{
   "model": "admin.logentry",
   "pk": 194,
   "fields": {
      "action_time": "2017-08-27T08:56:12.504Z",
      "user": 1,
      "content_type": 15,
      "object_id": "124",
      "object_repr": "IPAD",
      "action_flag": 3,
      "change_message": ""
   }
},
{
   "model": "admin.logentry",
   "pk": 195,
   "fields": {
      "action_time": "2017-08-27T08:56:12.586Z",
      "user": 1,
      "content_type": 15,
      "object_id": "123",
      "object_repr": "IPAD",
      "action_flag": 3,
      "change_message": ""
   }
},
{
   "model": "admin.logentry",
   "pk": 196,
   "fields": {
      "action_time": "2017-08-27T08:56:12.647Z",
      "user": 1,
      "content_type": 15,
      "object_id": "122",
      "object_repr": "IPAD",
      "action_flag": 3,
      "change_message": ""
   }
},
{
   "model": "admin.logentry",
   "pk": 197,
   "fields": {
      "action_time": "2017-08-27T08:56:12.709Z",
      "user": 1,
      "content_type": 15,
      "object_id": "121",
      "object_repr": "Good Notebook 12",
      "action_flag": 3,
      "change_message": ""
   }
},
{
   "model": "admin.logentry",
   "pk": 198,
   "fields": {
      "action_time": "2017-08-27T08:56:12.785Z",
      "user": 1,
      "content_type": 15,
      "object_id": "120",
      "object_repr": "Good Notebook 12",
      "action_flag": 3,
      "change_message": ""
   }
},
{
   "model": "admin.logentry",
   "pk": 199,
   "fields": {
      "action_time": "2017-08-27T08:56:12.847Z",
      "user": 1,
      "content_type": 15,
      "object_id": "119",
      "object_repr": "IPAD",
      "action_flag": 3,
      "change_message": ""
   }
},
{
   "model": "admin.logentry",
   "pk": 200,
   "fields": {
      "action_time": "2017-08-27T08:56:12.900Z",
      "user": 1,
      "content_type": 15,
      "object_id": "118",
      "object_repr": "Good Notebook 12",
      "action_flag": 3,
      "change_message": ""
   }
},
{
   "model": "admin.logentry",
   "pk": 201,
   "fields": {
      "action_time": "2017-08-27T08:56:12.959Z",
      "user": 1,
      "content_type": 15,
      "object_id": "117",
      "object_repr": "Good Notebook 12",
      "action_flag": 3,
      "change_message": ""
   }
},
{
   "model": "admin.logentry",
   "pk": 202,
   "fields": {
      "action_time": "2017-08-27T08:56:13.021Z",
      "user": 1,
      "content_type": 15,
      "object_id": "116",
      "object_repr": "Good Notebook 12",
      "action_flag": 3,
      "change_message": ""
   }
},
{
   "model": "admin.logentry",
   "pk": 203,
   "fields": {
      "action_time": "2017-08-27T08:56:13.083Z",
      "user": 1,
      "content_type": 15,
      "object_id": "115",
      "object_repr": "Good Notebook 12",
      "action_flag": 3,
      "change_message": ""
   }
},
{
   "model": "admin.logentry",
   "pk": 204,
   "fields": {
      "action_time": "2017-08-27T08:56:13.146Z",
      "user": 1,
      "content_type": 15,
      "object_id": "114",
      "object_repr": "Good Notebook 12",
      "action_flag": 3,
      "change_message": ""
   }
},
{
   "model": "admin.logentry",
   "pk": 205,
   "fields": {
      "action_time": "2017-08-27T08:56:13.208Z",
      "user": 1,
      "content_type": 15,
      "object_id": "113",
      "object_repr": "Good Notebook 12",
      "action_flag": 3,
      "change_message": ""
   }
},
{
   "model": "admin.logentry",
   "pk": 206,
   "fields": {
      "action_time": "2017-08-27T08:56:13.273Z",
      "user": 1,
      "content_type": 15,
      "object_id": "112",
      "object_repr": "Good Notebook 12",
      "action_flag": 3,
      "change_message": ""
   }
},
{
   "model": "admin.logentry",
   "pk": 207,
   "fields": {
      "action_time": "2017-08-27T08:56:13.332Z",
      "user": 1,
      "content_type": 15,
      "object_id": "111",
      "object_repr": "IPAD",
      "action_flag": 3,
      "change_message": ""
   }
},
{
   "model": "admin.logentry",
   "pk": 208,
   "fields": {
      "action_time": "2017-08-27T08:56:13.394Z",
      "user": 1,
      "content_type": 15,
      "object_id": "110",
      "object_repr": "Good Notebook 12",
      "action_flag": 3,
      "change_message": ""
   }
},
{
   "model": "admin.logentry",
   "pk": 209,
   "fields": {
      "action_time": "2017-08-27T08:56:13.456Z",
      "user": 1,
      "content_type": 15,
      "object_id": "109",
      "object_repr": "Good Notebook 12",
      "action_flag": 3,
      "change_message": ""
   }
},
{
   "model": "admin.logentry",
   "pk": 210,
   "fields": {
      "action_time": "2017-08-27T08:56:13.520Z",
      "user": 1,
      "content_type": 15,
      "object_id": "108",
      "object_repr": "Good Notebook 12",
      "action_flag": 3,
      "change_message": ""
   }
},
{
   "model": "admin.logentry",
   "pk": 211,
   "fields": {
      "action_time": "2017-08-27T08:56:13.581Z",
      "user": 1,
      "content_type": 15,
      "object_id": "107",
      "object_repr": "Good Notebook 12",
      "action_flag": 3,
      "change_message": ""
   }
},
{
   "model": "admin.logentry",
   "pk": 212,
   "fields": {
      "action_time": "2017-08-27T08:56:13.643Z",
      "user": 1,
      "content_type": 15,
      "object_id": "106",
      "object_repr": "IPAD",
      "action_flag": 3,
      "change_message": ""
   }
},
{
   "model": "admin.logentry",
   "pk": 213,
   "fields": {
      "action_time": "2017-08-27T08:56:13.748Z",
      "user": 1,
      "content_type": 15,
      "object_id": "105",
      "object_repr": "Good Notebook 12",
      "action_flag": 3,
      "change_message": ""
   }
},
{
   "model": "admin.logentry",
   "pk": 214,
   "fields": {
      "action_time": "2017-08-27T08:56:13.808Z",
      "user": 1,
      "content_type": 15,
      "object_id": "104",
      "object_repr": "IPAD",
      "action_flag": 3,
      "change_message": ""
   }
},
{
   "model": "admin.logentry",
   "pk": 215,
   "fields": {
      "action_time": "2017-08-27T08:56:13.871Z",
      "user": 1,
      "content_type": 15,
      "object_id": "103",
      "object_repr": "Good Notebook 12",
      "action_flag": 3,
      "change_message": ""
   }
},
{
   "model": "admin.logentry",
   "pk": 216,
   "fields": {
      "action_time": "2017-08-27T08:56:13.933Z",
      "user": 1,
      "content_type": 15,
      "object_id": "102",
      "object_repr": "Good Notebook 12",
      "action_flag": 3,
      "change_message": ""
   }
},
{
   "model": "admin.logentry",
   "pk": 217,
   "fields": {
      "action_time": "2017-08-27T08:56:13.995Z",
      "user": 1,
      "content_type": 15,
      "object_id": "101",
      "object_repr": "Good Notebook 12",
      "action_flag": 3,
      "change_message": ""
   }
},
{
   "model": "admin.logentry",
   "pk": 218,
   "fields": {
      "action_time": "2017-08-27T08:56:14.057Z",
      "user": 1,
      "content_type": 15,
      "object_id": "100",
      "object_repr": "IPAD",
      "action_flag": 3,
      "change_message": ""
   }
},
{
   "model": "admin.logentry",
   "pk": 219,
   "fields": {
      "action_time": "2017-08-27T08:56:14.120Z",
      "user": 1,
      "content_type": 15,
      "object_id": "99",
      "object_repr": "Good Notebook 12",
      "action_flag": 3,
      "change_message": ""
   }
},
{
   "model": "admin.logentry",
   "pk": 220,
   "fields": {
      "action_time": "2017-08-27T08:56:14.183Z",
      "user": 1,
      "content_type": 15,
      "object_id": "97",
      "object_repr": "Good Notebook 12",
      "action_flag": 3,
      "change_message": ""
   }
},
{
   "model": "admin.logentry",
   "pk": 221,
   "fields": {
      "action_time": "2017-08-27T08:56:14.245Z",
      "user": 1,
      "content_type": 15,
      "object_id": "96",
      "object_repr": "Good Notebook 12",
      "action_flag": 3,
      "change_message": ""
   }
},
{
   "model": "admin.logentry",
   "pk": 222,
   "fields": {
      "action_time": "2017-08-27T08:56:14.306Z",
      "user": 1,
      "content_type": 15,
      "object_id": "95",
      "object_repr": "Good Notebook 12",
      "action_flag": 3,
      "change_message": ""
   }
},
{
   "model": "admin.logentry",
   "pk": 223,
   "fields": {
      "action_time": "2017-08-27T08:56:14.369Z",
      "user": 1,
      "content_type": 15,
      "object_id": "94",
      "object_repr": "Good Notebook 12",
      "action_flag": 3,
      "change_message": ""
   }
},
{
   "model": "admin.logentry",
   "pk": 224,
   "fields": {
      "action_time": "2017-08-27T08:56:14.431Z",
      "user": 1,
      "content_type": 15,
      "object_id": "93",
      "object_repr": "Good Notebook 12",
      "action_flag": 3,
      "change_message": ""
   }
},
{
   "model": "admin.logentry",
   "pk": 225,
   "fields": {
      "action_time": "2017-08-27T08:56:14.495Z",
      "user": 1,
      "content_type": 15,
      "object_id": "92",
      "object_repr": "IPAD",
      "action_flag": 3,
      "change_message": ""
   }
},
{
   "model": "admin.logentry",
   "pk": 226,
   "fields": {
      "action_time": "2017-08-27T08:56:14.558Z",
      "user": 1,
      "content_type": 15,
      "object_id": "91",
      "object_repr": "Good Notebook 12",
      "action_flag": 3,
      "change_message": ""
   }
},
{
   "model": "admin.logentry",
   "pk": 227,
   "fields": {
      "action_time": "2017-08-27T08:56:14.619Z",
      "user": 1,
      "content_type": 15,
      "object_id": "90",
      "object_repr": "IPAD",
      "action_flag": 3,
      "change_message": ""
   }
},
{
   "model": "admin.logentry",
   "pk": 228,
   "fields": {
      "action_time": "2017-08-27T08:56:14.683Z",
      "user": 1,
      "content_type": 15,
      "object_id": "89",
      "object_repr": "Good Notebook 12",
      "action_flag": 3,
      "change_message": ""
   }
},
{
   "model": "admin.logentry",
   "pk": 229,
   "fields": {
      "action_time": "2017-08-27T08:56:14.742Z",
      "user": 1,
      "content_type": 15,
      "object_id": "88",
      "object_repr": "Good Notebook 12",
      "action_flag": 3,
      "change_message": ""
   }
},
{
   "model": "admin.logentry",
   "pk": 230,
   "fields": {
      "action_time": "2017-08-27T08:56:14.804Z",
      "user": 1,
      "content_type": 15,
      "object_id": "87",
      "object_repr": "Good Notebook 12",
      "action_flag": 3,
      "change_message": ""
   }
},
{
   "model": "admin.logentry",
   "pk": 231,
   "fields": {
      "action_time": "2017-08-27T08:56:14.867Z",
      "user": 1,
      "content_type": 15,
      "object_id": "86",
      "object_repr": "Good Notebook 12",
      "action_flag": 3,
      "change_message": ""
   }
},
{
   "model": "admin.logentry",
   "pk": 232,
   "fields": {
      "action_time": "2017-08-27T08:56:14.930Z",
      "user": 1,
      "content_type": 15,
      "object_id": "85",
      "object_repr": "Good Notebook 12",
      "action_flag": 3,
      "change_message": ""
   }
},
{
   "model": "admin.logentry",
   "pk": 233,
   "fields": {
      "action_time": "2017-08-27T08:56:14.993Z",
      "user": 1,
      "content_type": 15,
      "object_id": "84",
      "object_repr": "Good Notebook 12",
      "action_flag": 3,
      "change_message": ""
   }
},
{
   "model": "admin.logentry",
   "pk": 234,
   "fields": {
      "action_time": "2017-08-27T08:56:15.064Z",
      "user": 1,
      "content_type": 15,
      "object_id": "83",
      "object_repr": "Good Notebook 12",
      "action_flag": 3,
      "change_message": ""
   }
},
{
   "model": "admin.logentry",
   "pk": 235,
   "fields": {
      "action_time": "2017-08-27T08:56:15.126Z",
      "user": 1,
      "content_type": 15,
      "object_id": "82",
      "object_repr": "Good Notebook 12",
      "action_flag": 3,
      "change_message": ""
   }
},
{
   "model": "admin.logentry",
   "pk": 236,
   "fields": {
      "action_time": "2017-08-27T08:56:15.189Z",
      "user": 1,
      "content_type": 15,
      "object_id": "81",
      "object_repr": "Good Notebook 12",
      "action_flag": 3,
      "change_message": ""
   }
},
{
   "model": "admin.logentry",
   "pk": 237,
   "fields": {
      "action_time": "2017-08-27T08:56:15.252Z",
      "user": 1,
      "content_type": 15,
      "object_id": "80",
      "object_repr": "Good Notebook 12",
      "action_flag": 3,
      "change_message": ""
   }
},
{
   "model": "admin.logentry",
   "pk": 238,
   "fields": {
      "action_time": "2017-08-27T08:56:15.333Z",
      "user": 1,
      "content_type": 15,
      "object_id": "79",
      "object_repr": "IPAD",
      "action_flag": 3,
      "change_message": ""
   }
},
{
   "model": "admin.logentry",
   "pk": 239,
   "fields": {
      "action_time": "2017-08-27T08:56:15.396Z",
      "user": 1,
      "content_type": 15,
      "object_id": "78",
      "object_repr": "Good Notebook 12",
      "action_flag": 3,
      "change_message": ""
   }
},
{
   "model": "admin.logentry",
   "pk": 240,
   "fields": {
      "action_time": "2017-08-27T08:56:12.070Z",
      "user": 1,
      "content_type": 15,
      "object_id": "122",
      "object_repr": "IPAD",
      "action_flag": 3,
      "change_message": ""
   }
},
{
   "model": "admin.logentry",
   "pk": 241,
   "fields": {
      "action_time": "2017-08-27T08:56:15.554Z",
      "user": 1,
      "content_type": 15,
      "object_id": "121",
      "object_repr": "Good Notebook 12",
      "action_flag": 3,
      "change_message": ""
   }
},
{
   "model": "admin.logentry",
   "pk": 242,
   "fields": {
      "action_time": "2017-08-27T08:56:15.616Z",
      "user": 1,
      "content_type": 15,
      "object_id": "120",
      "object_repr": "Good Notebook 12",
      "action_flag": 3,
      "change_message": ""
   }
},
{
   "model": "admin.logentry",
   "pk": 243,
   "fields": {
      "action_time": "2017-08-27T08:56:15.700Z",
      "user": 1,
      "content_type": 15,
      "object_id": "119",
      "object_repr": "IPAD",
      "action_flag": 3,
      "change_message": ""
   }
},
{
   "model": "admin.logentry",
   "pk": 244,
   "fields": {
      "action_time": "2017-08-27T08:56:15.812Z",
      "user": 1,
      "content_type": 15,
      "object_id": "118",
      "object_repr": "Good Notebook 12",
      "action_flag": 3,
      "change_message": ""
   }
},
{
   "model": "admin.logentry",
   "pk": 245,
   "fields": {
      "action_time": "2017-08-27T08:56:15.875Z",
      "user": 1,
      "content_type": 15,
      "object_id": "117",
      "object_repr": "Good Notebook 12",
      "action_flag": 3,
      "change_message": ""
   }
},
{
   "model": "admin.logentry",
   "pk": 246,
   "fields": {
      "action_time": "2017-08-27T08:56:15.937Z",
      "user": 1,
      "content_type": 15,
      "object_id": "116",
      "object_repr": "Good Notebook 12",
      "action_flag": 3,
      "change_message": ""
   }
},
{
   "model": "admin.logentry",
   "pk": 247,
   "fields": {
      "action_time": "2017-08-27T08:56:16.009Z",
      "user": 1,
      "content_type": 15,
      "object_id": "115",
      "object_repr": "Good Notebook 12",
      "action_flag": 3,
      "change_message": ""
   }
},
{
   "model": "admin.logentry",
   "pk": 248,
   "fields": {
      "action_time": "2017-08-27T08:56:16.072Z",
      "user": 1,
      "content_type": 15,
      "object_id": "114",
      "object_repr": "Good Notebook 12",
      "action_flag": 3,
      "change_message": ""
   }
},
{
   "model": "admin.logentry",
   "pk": 249,
   "fields": {
      "action_time": "2017-08-27T08:56:16.155Z",
      "user": 1,
      "content_type": 15,
      "object_id": "113",
      "object_repr": "Good Notebook 12",
      "action_flag": 3,
      "change_message": ""
   }
},
{
   "model": "admin.logentry",
   "pk": 250,
   "fields": {
      "action_time": "2017-08-27T08:56:16.216Z",
      "user": 1,
      "content_type": 15,
      "object_id": "112",
      "object_repr": "Good Notebook 12",
      "action_flag": 3,
      "change_message": ""
   }
},
{
   "model": "admin.logentry",
   "pk": 251,
   "fields": {
      "action_time": "2017-08-27T08:56:16.279Z",
      "user": 1,
      "content_type": 15,
      "object_id": "111",
      "object_repr": "IPAD",
      "action_flag": 3,
      "change_message": ""
   }
},
{
   "model": "admin.logentry",
   "pk": 252,
   "fields": {
      "action_time": "2017-08-27T08:56:16.340Z",
      "user": 1,
      "content_type": 15,
      "object_id": "110",
      "object_repr": "Good Notebook 12",
      "action_flag": 3,
      "change_message": ""
   }
},
{
   "model": "admin.logentry",
   "pk": 253,
   "fields": {
      "action_time": "2017-08-27T08:56:16.448Z",
      "user": 1,
      "content_type": 15,
      "object_id": "109",
      "object_repr": "Good Notebook 12",
      "action_flag": 3,
      "change_message": ""
   }
},
{
   "model": "admin.logentry",
   "pk": 254,
   "fields": {
      "action_time": "2017-08-27T08:56:16.511Z",
      "user": 1,
      "content_type": 15,
      "object_id": "108",
      "object_repr": "Good Notebook 12",
      "action_flag": 3,
      "change_message": ""
   }
},
{
   "model": "admin.logentry",
   "pk": 255,
   "fields": {
      "action_time": "2017-08-27T08:56:16.572Z",
      "user": 1,
      "content_type": 15,
      "object_id": "107",
      "object_repr": "Good Notebook 12",
      "action_flag": 3,
      "change_message": ""
   }
},
{
   "model": "admin.logentry",
   "pk": 256,
   "fields": {
      "action_time": "2017-08-27T08:56:16.729Z",
      "user": 1,
      "content_type": 15,
      "object_id": "106",
      "object_repr": "IPAD",
      "action_flag": 3,
      "change_message": ""
   }
},
{
   "model": "admin.logentry",
   "pk": 257,
   "fields": {
      "action_time": "2017-08-27T08:56:16.791Z",
      "user": 1,
      "content_type": 15,
      "object_id": "105",
      "object_repr": "Good Notebook 12",
      "action_flag": 3,
      "change_message": ""
   }
},
{
   "model": "admin.logentry",
   "pk": 258,
   "fields": {
      "action_time": "2017-08-27T08:56:16.853Z",
      "user": 1,
      "content_type": 15,
      "object_id": "104",
      "object_repr": "IPAD",
      "action_flag": 3,
      "change_message": ""
   }
},
{
   "model": "admin.logentry",
   "pk": 259,
   "fields": {
      "action_time": "2017-08-27T08:56:16.916Z",
      "user": 1,
      "content_type": 15,
      "object_id": "103",
      "object_repr": "Good Notebook 12",
      "action_flag": 3,
      "change_message": ""
   }
},
{
   "model": "admin.logentry",
   "pk": 260,
   "fields": {
      "action_time": "2017-08-27T08:56:16.978Z",
      "user": 1,
      "content_type": 15,
      "object_id": "102",
      "object_repr": "Good Notebook 12",
      "action_flag": 3,
      "change_message": ""
   }
},
{
   "model": "admin.logentry",
   "pk": 261,
   "fields": {
      "action_time": "2017-08-27T08:56:17.040Z",
      "user": 1,
      "content_type": 15,
      "object_id": "101",
      "object_repr": "Good Notebook 12",
      "action_flag": 3,
      "change_message": ""
   }
},
{
   "model": "admin.logentry",
   "pk": 262,
   "fields": {
      "action_time": "2017-08-27T08:56:17.103Z",
      "user": 1,
      "content_type": 15,
      "object_id": "100",
      "object_repr": "IPAD",
      "action_flag": 3,
      "change_message": ""
   }
},
{
   "model": "admin.logentry",
   "pk": 263,
   "fields": {
      "action_time": "2017-08-27T08:56:17.166Z",
      "user": 1,
      "content_type": 15,
      "object_id": "99",
      "object_repr": "Good Notebook 12",
      "action_flag": 3,
      "change_message": ""
   }
},
{
   "model": "admin.logentry",
   "pk": 264,
   "fields": {
      "action_time": "2017-08-27T08:56:17.235Z",
      "user": 1,
      "content_type": 15,
      "object_id": "97",
      "object_repr": "Good Notebook 12",
      "action_flag": 3,
      "change_message": ""
   }
},
{
   "model": "admin.logentry",
   "pk": 265,
   "fields": {
      "action_time": "2017-08-27T08:56:17.302Z",
      "user": 1,
      "content_type": 15,
      "object_id": "96",
      "object_repr": "Good Notebook 12",
      "action_flag": 3,
      "change_message": ""
   }
},
{
   "model": "admin.logentry",
   "pk": 266,
   "fields": {
      "action_time": "2017-08-27T08:56:17.364Z",
      "user": 1,
      "content_type": 15,
      "object_id": "95",
      "object_repr": "Good Notebook 12",
      "action_flag": 3,
      "change_message": ""
   }
},
{
   "model": "admin.logentry",
   "pk": 267,
   "fields": {
      "action_time": "2017-08-27T08:56:17.427Z",
      "user": 1,
      "content_type": 15,
      "object_id": "94",
      "object_repr": "Good Notebook 12",
      "action_flag": 3,
      "change_message": ""
   }
},
{
   "model": "admin.logentry",
   "pk": 268,
   "fields": {
      "action_time": "2017-08-27T08:56:17.488Z",
      "user": 1,
      "content_type": 15,
      "object_id": "93",
      "object_repr": "Good Notebook 12",
      "action_flag": 3,
      "change_message": ""
   }
},
{
   "model": "admin.logentry",
   "pk": 269,
   "fields": {
      "action_time": "2017-08-27T08:56:17.551Z",
      "user": 1,
      "content_type": 15,
      "object_id": "92",
      "object_repr": "IPAD",
      "action_flag": 3,
      "change_message": ""
   }
},
{
   "model": "admin.logentry",
   "pk": 270,
   "fields": {
      "action_time": "2017-08-27T08:56:17.612Z",
      "user": 1,
      "content_type": 15,
      "object_id": "91",
      "object_repr": "Good Notebook 12",
      "action_flag": 3,
      "change_message": ""
   }
},
{
   "model": "admin.logentry",
   "pk": 271,
   "fields": {
      "action_time": "2017-08-27T08:56:17.673Z",
      "user": 1,
      "content_type": 15,
      "object_id": "90",
      "object_repr": "IPAD",
      "action_flag": 3,
      "change_message": ""
   }
},
{
   "model": "admin.logentry",
   "pk": 272,
   "fields": {
      "action_time": "2017-08-27T08:56:17.736Z",
      "user": 1,
      "content_type": 15,
      "object_id": "89",
      "object_repr": "Good Notebook 12",
      "action_flag": 3,
      "change_message": ""
   }
},
{
   "model": "admin.logentry",
   "pk": 273,
   "fields": {
      "action_time": "2017-08-27T08:56:17.808Z",
      "user": 1,
      "content_type": 15,
      "object_id": "88",
      "object_repr": "Good Notebook 12",
      "action_flag": 3,
      "change_message": ""
   }
},
{
   "model": "admin.logentry",
   "pk": 274,
   "fields": {
      "action_time": "2017-08-27T08:56:17.880Z",
      "user": 1,
      "content_type": 15,
      "object_id": "87",
      "object_repr": "Good Notebook 12",
      "action_flag": 3,
      "change_message": ""
   }
},
{
   "model": "admin.logentry",
   "pk": 275,
   "fields": {
      "action_time": "2017-08-27T08:56:17.943Z",
      "user": 1,
      "content_type": 15,
      "object_id": "86",
      "object_repr": "Good Notebook 12",
      "action_flag": 3,
      "change_message": ""
   }
},
{
   "model": "admin.logentry",
   "pk": 276,
   "fields": {
      "action_time": "2017-08-27T08:56:18.024Z",
      "user": 1,
      "content_type": 15,
      "object_id": "85",
      "object_repr": "Good Notebook 12",
      "action_flag": 3,
      "change_message": ""
   }
},
{
   "model": "admin.logentry",
   "pk": 277,
   "fields": {
      "action_time": "2017-08-27T08:56:18.087Z",
      "user": 1,
      "content_type": 15,
      "object_id": "84",
      "object_repr": "Good Notebook 12",
      "action_flag": 3,
      "change_message": ""
   }
},
{
   "model": "admin.logentry",
   "pk": 278,
   "fields": {
      "action_time": "2017-08-27T08:56:18.150Z",
      "user": 1,
      "content_type": 15,
      "object_id": "83",
      "object_repr": "Good Notebook 12",
      "action_flag": 3,
      "change_message": ""
   }
},
{
   "model": "admin.logentry",
   "pk": 279,
   "fields": {
      "action_time": "2017-08-27T08:56:18.212Z",
      "user": 1,
      "content_type": 15,
      "object_id": "82",
      "object_repr": "Good Notebook 12",
      "action_flag": 3,
      "change_message": ""
   }
},
{
   "model": "admin.logentry",
   "pk": 280,
   "fields": {
      "action_time": "2017-08-27T08:56:18.274Z",
      "user": 1,
      "content_type": 15,
      "object_id": "81",
      "object_repr": "Good Notebook 12",
      "action_flag": 3,
      "change_message": ""
   }
},
{
   "model": "admin.logentry",
   "pk": 281,
   "fields": {
      "action_time": "2017-08-27T08:56:18.357Z",
      "user": 1,
      "content_type": 15,
      "object_id": "80",
      "object_repr": "Good Notebook 12",
      "action_flag": 3,
      "change_message": ""
   }
},
{
   "model": "admin.logentry",
   "pk": 282,
   "fields": {
      "action_time": "2017-08-27T08:56:18.449Z",
      "user": 1,
      "content_type": 15,
      "object_id": "79",
      "object_repr": "IPAD",
      "action_flag": 3,
      "change_message": ""
   }
},
{
   "model": "admin.logentry",
   "pk": 283,
   "fields": {
      "action_time": "2017-08-27T08:56:18.512Z",
      "user": 1,
      "content_type": 15,
      "object_id": "78",
      "object_repr": "Good Notebook 12",
      "action_flag": 3,
      "change_message": ""
   }
},
{
   "model": "admin.logentry",
   "pk": 284,
   "fields": {
      "action_time": "2017-08-27T08:56:18.574Z",
      "user": 1,
      "content_type": 15,
      "object_id": "77",
      "object_repr": "Good Notebook 12",
      "action_flag": 3,
      "change_message": ""
   }
},
{
   "model": "admin.logentry",
   "pk": 285,
   "fields": {
      "action_time": "2017-08-27T08:56:18.637Z",
      "user": 1,
      "content_type": 15,
      "object_id": "76",
      "object_repr": "Good Notebook 12",
      "action_flag": 3,
      "change_message": ""
   }
},
{
   "model": "admin.logentry",
   "pk": 286,
   "fields": {
      "action_time": "2017-08-27T08:56:18.699Z",
      "user": 1,
      "content_type": 15,
      "object_id": "75",
      "object_repr": "Good Notebook 12",
      "action_flag": 3,
      "change_message": ""
   }
},
{
   "model": "admin.logentry",
   "pk": 287,
   "fields": {
      "action_time": "2017-08-27T08:56:18.790Z",
      "user": 1,
      "content_type": 15,
      "object_id": "74",
      "object_repr": "Good Notebook 12",
      "action_flag": 3,
      "change_message": ""
   }
},
{
   "model": "admin.logentry",
   "pk": 288,
   "fields": {
      "action_time": "2017-08-27T08:56:18.858Z",
      "user": 1,
      "content_type": 15,
      "object_id": "72",
      "object_repr": "IPAD",
      "action_flag": 3,
      "change_message": ""
   }
},
{
   "model": "admin.logentry",
   "pk": 289,
   "fields": {
      "action_time": "2017-08-27T08:56:18.921Z",
      "user": 1,
      "content_type": 15,
      "object_id": "71",
      "object_repr": "Good Notebook 12",
      "action_flag": 3,
      "change_message": ""
   }
},
{
   "model": "admin.logentry",
   "pk": 290,
   "fields": {
      "action_time": "2017-08-27T08:56:18.994Z",
      "user": 1,
      "content_type": 15,
      "object_id": "70",
      "object_repr": "IPAD",
      "action_flag": 3,
      "change_message": ""
   }
},
{
   "model": "admin.logentry",
   "pk": 291,
   "fields": {
      "action_time": "2017-08-27T08:56:19.056Z",
      "user": 1,
      "content_type": 15,
      "object_id": "69",
      "object_repr": "IPAD",
      "action_flag": 3,
      "change_message": ""
   }
},
{
   "model": "admin.logentry",
   "pk": 292,
   "fields": {
      "action_time": "2017-08-27T08:56:19.119Z",
      "user": 1,
      "content_type": 15,
      "object_id": "68",
      "object_repr": "IPAD",
      "action_flag": 3,
      "change_message": ""
   }
},
{
   "model": "admin.logentry",
   "pk": 293,
   "fields": {
      "action_time": "2017-08-27T08:56:19.180Z",
      "user": 1,
      "content_type": 15,
      "object_id": "67",
      "object_repr": "Good Notebook 12",
      "action_flag": 3,
      "change_message": ""
   }
},
{
   "model": "admin.logentry",
   "pk": 294,
   "fields": {
      "action_time": "2017-08-27T08:56:19.243Z",
      "user": 1,
      "content_type": 15,
      "object_id": "66",
      "object_repr": "IPAD",
      "action_flag": 3,
      "change_message": ""
   }
},
{
   "model": "admin.logentry",
   "pk": 295,
   "fields": {
      "action_time": "2017-08-27T08:56:19.342Z",
      "user": 1,
      "content_type": 15,
      "object_id": "65",
      "object_repr": "Good Notebook 12",
      "action_flag": 3,
      "change_message": ""
   }
},
{
   "model": "admin.logentry",
   "pk": 296,
   "fields": {
      "action_time": "2017-08-27T08:56:19.411Z",
      "user": 1,
      "content_type": 15,
      "object_id": "64",
      "object_repr": "Good Notebook 12",
      "action_flag": 3,
      "change_message": ""
   }
},
{
   "model": "admin.logentry",
   "pk": 297,
   "fields": {
      "action_time": "2017-08-27T08:56:19.527Z",
      "user": 1,
      "content_type": 15,
      "object_id": "63",
      "object_repr": "IPAD",
      "action_flag": 3,
      "change_message": ""
   }
},
{
   "model": "admin.logentry",
   "pk": 298,
   "fields": {
      "action_time": "2017-08-27T08:56:19.593Z",
      "user": 1,
      "content_type": 15,
      "object_id": "62",
      "object_repr": "Good Notebook 12",
      "action_flag": 3,
      "change_message": ""
   }
},
{
   "model": "admin.logentry",
   "pk": 299,
   "fields": {
      "action_time": "2017-08-27T08:56:15.481Z",
      "user": 1,
      "content_type": 15,
      "object_id": "77",
      "object_repr": "Good Notebook 12",
      "action_flag": 3,
      "change_message": ""
   }
},
{
   "model": "admin.logentry",
   "pk": 300,
   "fields": {
      "action_time": "2017-08-27T08:56:19.725Z",
      "user": 1,
      "content_type": 15,
      "object_id": "76",
      "object_repr": "Good Notebook 12",
      "action_flag": 3,
      "change_message": ""
   }
},
{
   "model": "admin.logentry",
   "pk": 301,
   "fields": {
      "action_time": "2017-08-27T08:56:19.778Z",
      "user": 1,
      "content_type": 15,
      "object_id": "75",
      "object_repr": "Good Notebook 12",
      "action_flag": 3,
      "change_message": ""
   }
},
{
   "model": "admin.logentry",
   "pk": 302,
   "fields": {
      "action_time": "2017-08-27T08:56:19.843Z",
      "user": 1,
      "content_type": 15,
      "object_id": "74",
      "object_repr": "Good Notebook 12",
      "action_flag": 3,
      "change_message": ""
   }
},
{
   "model": "admin.logentry",
   "pk": 303,
   "fields": {
      "action_time": "2017-08-27T08:56:19.913Z",
      "user": 1,
      "content_type": 15,
      "object_id": "72",
      "object_repr": "IPAD",
      "action_flag": 3,
      "change_message": ""
   }
},
{
   "model": "admin.logentry",
   "pk": 304,
   "fields": {
      "action_time": "2017-08-27T08:56:19.975Z",
      "user": 1,
      "content_type": 15,
      "object_id": "71",
      "object_repr": "Good Notebook 12",
      "action_flag": 3,
      "change_message": ""
   }
},
{
   "model": "admin.logentry",
   "pk": 305,
   "fields": {
      "action_time": "2017-08-27T08:56:20.038Z",
      "user": 1,
      "content_type": 15,
      "object_id": "70",
      "object_repr": "IPAD",
      "action_flag": 3,
      "change_message": ""
   }
},
{
   "model": "admin.logentry",
   "pk": 306,
   "fields": {
      "action_time": "2017-08-27T08:56:20.104Z",
      "user": 1,
      "content_type": 15,
      "object_id": "69",
      "object_repr": "IPAD",
      "action_flag": 3,
      "change_message": ""
   }
},
{
   "model": "admin.logentry",
   "pk": 307,
   "fields": {
      "action_time": "2017-08-27T08:56:20.165Z",
      "user": 1,
      "content_type": 15,
      "object_id": "68",
      "object_repr": "IPAD",
      "action_flag": 3,
      "change_message": ""
   }
},
{
   "model": "admin.logentry",
   "pk": 308,
   "fields": {
      "action_time": "2017-08-27T08:56:20.226Z",
      "user": 1,
      "content_type": 15,
      "object_id": "67",
      "object_repr": "Good Notebook 12",
      "action_flag": 3,
      "change_message": ""
   }
},
{
   "model": "admin.logentry",
   "pk": 309,
   "fields": {
      "action_time": "2017-08-27T08:56:20.290Z",
      "user": 1,
      "content_type": 15,
      "object_id": "66",
      "object_repr": "IPAD",
      "action_flag": 3,
      "change_message": ""
   }
},
{
   "model": "admin.logentry",
   "pk": 310,
   "fields": {
      "action_time": "2017-08-27T08:56:19.655Z",
      "user": 1,
      "content_type": 15,
      "object_id": "61",
      "object_repr": "IPAD",
      "action_flag": 3,
      "change_message": ""
   }
},
{
   "model": "admin.logentry",
   "pk": 311,
   "fields": {
      "action_time": "2017-08-27T08:56:20.414Z",
      "user": 1,
      "content_type": 15,
      "object_id": "60",
      "object_repr": "Good Notebook 12",
      "action_flag": 3,
      "change_message": ""
   }
},
{
   "model": "admin.logentry",
   "pk": 312,
   "fields": {
      "action_time": "2017-08-27T08:56:20.473Z",
      "user": 1,
      "content_type": 15,
      "object_id": "59",
      "object_repr": "IPAD",
      "action_flag": 3,
      "change_message": ""
   }
},
{
   "model": "admin.logentry",
   "pk": 313,
   "fields": {
      "action_time": "2017-08-27T08:56:20.574Z",
      "user": 1,
      "content_type": 15,
      "object_id": "58",
      "object_repr": "Good Notebook 12",
      "action_flag": 3,
      "change_message": ""
   }
},
{
   "model": "admin.logentry",
   "pk": 314,
   "fields": {
      "action_time": "2017-08-27T08:56:20.351Z",
      "user": 1,
      "content_type": 15,
      "object_id": "65",
      "object_repr": "Good Notebook 12",
      "action_flag": 3,
      "change_message": ""
   }
},
{
   "model": "admin.logentry",
   "pk": 315,
   "fields": {
      "action_time": "2017-08-27T08:56:20.722Z",
      "user": 1,
      "content_type": 15,
      "object_id": "64",
      "object_repr": "Good Notebook 12",
      "action_flag": 3,
      "change_message": ""
   }
},
{
   "model": "admin.logentry",
   "pk": 316,
   "fields": {
      "action_time": "2017-08-27T08:56:20.805Z",
      "user": 1,
      "content_type": 15,
      "object_id": "63",
      "object_repr": "IPAD",
      "action_flag": 3,
      "change_message": ""
   }
},
{
   "model": "admin.logentry",
   "pk": 317,
   "fields": {
      "action_time": "2017-08-27T08:56:20.874Z",
      "user": 1,
      "content_type": 15,
      "object_id": "62",
      "object_repr": "Good Notebook 12",
      "action_flag": 3,
      "change_message": ""
   }
},
{
   "model": "admin.logentry",
   "pk": 318,
   "fields": {
      "action_time": "2017-08-27T08:56:20.972Z",
      "user": 1,
      "content_type": 15,
      "object_id": "61",
      "object_repr": "IPAD",
      "action_flag": 3,
      "change_message": ""
   }
},
{
   "model": "admin.logentry",
   "pk": 319,
   "fields": {
      "action_time": "2017-08-27T08:56:21.045Z",
      "user": 1,
      "content_type": 15,
      "object_id": "60",
      "object_repr": "Good Notebook 12",
      "action_flag": 3,
      "change_message": ""
   }
},
{
   "model": "admin.logentry",
   "pk": 320,
   "fields": {
      "action_time": "2017-08-27T08:56:21.108Z",
      "user": 1,
      "content_type": 15,
      "object_id": "59",
      "object_repr": "IPAD",
      "action_flag": 3,
      "change_message": ""
   }
},
{
   "model": "admin.logentry",
   "pk": 321,
   "fields": {
      "action_time": "2017-08-27T08:56:21.171Z",
      "user": 1,
      "content_type": 15,
      "object_id": "58",
      "object_repr": "Good Notebook 12",
      "action_flag": 3,
      "change_message": ""
   }
},
{
   "model": "admin.logentry",
   "pk": 322,
   "fields": {
      "action_time": "2017-08-27T08:56:21.224Z",
      "user": 1,
      "content_type": 15,
      "object_id": "57",
      "object_repr": "IPAD",
      "action_flag": 3,
      "change_message": ""
   }
},
{
   "model": "admin.logentry",
   "pk": 323,
   "fields": {
      "action_time": "2017-08-27T08:56:21.311Z",
      "user": 1,
      "content_type": 15,
      "object_id": "56",
      "object_repr": "IPAD",
      "action_flag": 3,
      "change_message": ""
   }
},
{
   "model": "admin.logentry",
   "pk": 324,
   "fields": {
      "action_time": "2017-08-27T08:56:21.377Z",
      "user": 1,
      "content_type": 15,
      "object_id": "55",
      "object_repr": "Good Notebook 12",
      "action_flag": 3,
      "change_message": ""
   }
},
{
   "model": "admin.logentry",
   "pk": 325,
   "fields": {
      "action_time": "2017-08-27T08:56:21.425Z",
      "user": 1,
      "content_type": 15,
      "object_id": "54",
      "object_repr": "IPAD",
      "action_flag": 3,
      "change_message": ""
   }
},
{
   "model": "admin.logentry",
   "pk": 326,
   "fields": {
      "action_time": "2017-08-27T08:56:21.512Z",
      "user": 1,
      "content_type": 15,
      "object_id": "53",
      "object_repr": "Good Notebook 12",
      "action_flag": 3,
      "change_message": ""
   }
},
{
   "model": "admin.logentry",
   "pk": 327,
   "fields": {
      "action_time": "2017-08-27T08:56:21.574Z",
      "user": 1,
      "content_type": 15,
      "object_id": "52",
      "object_repr": "Good Notebook 12",
      "action_flag": 3,
      "change_message": ""
   }
},
{
   "model": "admin.logentry",
   "pk": 328,
   "fields": {
      "action_time": "2017-08-27T08:56:21.636Z",
      "user": 1,
      "content_type": 15,
      "object_id": "51",
      "object_repr": "IPAD",
      "action_flag": 3,
      "change_message": ""
   }
},
{
   "model": "admin.logentry",
   "pk": 329,
   "fields": {
      "action_time": "2017-08-27T08:56:21.760Z",
      "user": 1,
      "content_type": 15,
      "object_id": "50",
      "object_repr": "Good Notebook 12",
      "action_flag": 3,
      "change_message": ""
   }
},
{
   "model": "admin.logentry",
   "pk": 330,
   "fields": {
      "action_time": "2017-08-27T08:56:21.825Z",
      "user": 1,
      "content_type": 15,
      "object_id": "49",
      "object_repr": "IPAD",
      "action_flag": 3,
      "change_message": ""
   }
},
{
   "model": "admin.logentry",
   "pk": 331,
   "fields": {
      "action_time": "2017-08-27T08:56:21.891Z",
      "user": 1,
      "content_type": 15,
      "object_id": "48",
      "object_repr": "IPAD",
      "action_flag": 3,
      "change_message": ""
   }
},
{
   "model": "admin.logentry",
   "pk": 332,
   "fields": {
      "action_time": "2017-08-27T08:56:21.953Z",
      "user": 1,
      "content_type": 15,
      "object_id": "47",
      "object_repr": "Good Notebook 12",
      "action_flag": 3,
      "change_message": ""
   }
},
{
   "model": "admin.logentry",
   "pk": 333,
   "fields": {
      "action_time": "2017-08-27T08:56:22.018Z",
      "user": 1,
      "content_type": 15,
      "object_id": "46",
      "object_repr": "IPAD",
      "action_flag": 3,
      "change_message": ""
   }
},
{
   "model": "admin.logentry",
   "pk": 334,
   "fields": {
      "action_time": "2017-08-27T08:56:22.083Z",
      "user": 1,
      "content_type": 15,
      "object_id": "45",
      "object_repr": "Good Notebook 12",
      "action_flag": 3,
      "change_message": ""
   }
},
{
   "model": "admin.logentry",
   "pk": 335,
   "fields": {
      "action_time": "2017-08-27T08:56:22.143Z",
      "user": 1,
      "content_type": 15,
      "object_id": "44",
      "object_repr": "IPAD",
      "action_flag": 3,
      "change_message": ""
   }
},
{
   "model": "admin.logentry",
   "pk": 336,
   "fields": {
      "action_time": "2017-08-27T08:56:22.205Z",
      "user": 1,
      "content_type": 15,
      "object_id": "43",
      "object_repr": "IPAD",
      "action_flag": 3,
      "change_message": ""
   }
},
{
   "model": "admin.logentry",
   "pk": 337,
   "fields": {
      "action_time": "2017-08-27T08:56:22.258Z",
      "user": 1,
      "content_type": 15,
      "object_id": "42",
      "object_repr": "IPAD",
      "action_flag": 3,
      "change_message": ""
   }
},
{
   "model": "admin.logentry",
   "pk": 338,
   "fields": {
      "action_time": "2017-08-27T08:56:22.336Z",
      "user": 1,
      "content_type": 15,
      "object_id": "41",
      "object_repr": "IPAD",
      "action_flag": 3,
      "change_message": ""
   }
},
{
   "model": "admin.logentry",
   "pk": 339,
   "fields": {
      "action_time": "2017-08-27T08:56:22.414Z",
      "user": 1,
      "content_type": 15,
      "object_id": "40",
      "object_repr": "Good Notebook 12",
      "action_flag": 3,
      "change_message": ""
   }
},
{
   "model": "admin.logentry",
   "pk": 340,
   "fields": {
      "action_time": "2017-08-27T08:56:22.492Z",
      "user": 1,
      "content_type": 15,
      "object_id": "39",
      "object_repr": "IPAD",
      "action_flag": 3,
      "change_message": ""
   }
},
{
   "model": "admin.logentry",
   "pk": 341,
   "fields": {
      "action_time": "2017-08-27T08:56:22.562Z",
      "user": 1,
      "content_type": 15,
      "object_id": "38",
      "object_repr": "Good Notebook 12",
      "action_flag": 3,
      "change_message": ""
   }
},
{
   "model": "admin.logentry",
   "pk": 342,
   "fields": {
      "action_time": "2017-08-27T08:56:22.619Z",
      "user": 1,
      "content_type": 15,
      "object_id": "37",
      "object_repr": "IPAD",
      "action_flag": 3,
      "change_message": ""
   }
},
{
   "model": "admin.logentry",
   "pk": 343,
   "fields": {
      "action_time": "2017-08-27T08:56:22.683Z",
      "user": 1,
      "content_type": 15,
      "object_id": "36",
      "object_repr": "Good Notebook 12",
      "action_flag": 3,
      "change_message": ""
   }
},
{
   "model": "admin.logentry",
   "pk": 344,
   "fields": {
      "action_time": "2017-08-27T08:56:22.744Z",
      "user": 1,
      "content_type": 15,
      "object_id": "35",
      "object_repr": "IPAD",
      "action_flag": 3,
      "change_message": ""
   }
},
{
   "model": "admin.logentry",
   "pk": 345,
   "fields": {
      "action_time": "2017-08-27T08:56:20.643Z",
      "user": 1,
      "content_type": 15,
      "object_id": "57",
      "object_repr": "IPAD",
      "action_flag": 3,
      "change_message": ""
   }
},
{
   "model": "admin.logentry",
   "pk": 346,
   "fields": {
      "action_time": "2017-08-27T08:56:22.869Z",
      "user": 1,
      "content_type": 15,
      "object_id": "56",
      "object_repr": "IPAD",
      "action_flag": 3,
      "change_message": ""
   }
},
{
   "model": "admin.logentry",
   "pk": 347,
   "fields": {
      "action_time": "2017-08-27T08:56:22.923Z",
      "user": 1,
      "content_type": 15,
      "object_id": "55",
      "object_repr": "Good Notebook 12",
      "action_flag": 3,
      "change_message": ""
   }
},
{
   "model": "admin.logentry",
   "pk": 348,
   "fields": {
      "action_time": "2017-08-27T08:56:23.043Z",
      "user": 1,
      "content_type": 15,
      "object_id": "54",
      "object_repr": "IPAD",
      "action_flag": 3,
      "change_message": ""
   }
},
{
   "model": "admin.logentry",
   "pk": 349,
   "fields": {
      "action_time": "2017-08-27T08:56:23.105Z",
      "user": 1,
      "content_type": 15,
      "object_id": "53",
      "object_repr": "Good Notebook 12",
      "action_flag": 3,
      "change_message": ""
   }
},
{
   "model": "admin.logentry",
   "pk": 350,
   "fields": {
      "action_time": "2017-08-27T08:56:22.806Z",
      "user": 1,
      "content_type": 15,
      "object_id": "34",
      "object_repr": "Good Notebook 12",
      "action_flag": 3,
      "change_message": ""
   }
},
{
   "model": "admin.logentry",
   "pk": 351,
   "fields": {
      "action_time": "2017-08-27T08:56:23.241Z",
      "user": 1,
      "content_type": 15,
      "object_id": "33",
      "object_repr": "Good Notebook 12",
      "action_flag": 3,
      "change_message": ""
   }
},
{
   "model": "admin.logentry",
   "pk": 352,
   "fields": {
      "action_time": "2017-08-27T08:56:23.289Z",
      "user": 1,
      "content_type": 15,
      "object_id": "32",
      "object_repr": "Good Notebook 12",
      "action_flag": 3,
      "change_message": ""
   }
},
{
   "model": "admin.logentry",
   "pk": 353,
   "fields": {
      "action_time": "2017-08-27T08:56:23.367Z",
      "user": 1,
      "content_type": 15,
      "object_id": "31",
      "object_repr": "Good Notebook 12",
      "action_flag": 3,
      "change_message": ""
   }
},
{
   "model": "admin.logentry",
   "pk": 354,
   "fields": {
      "action_time": "2017-08-27T08:56:23.448Z",
      "user": 1,
      "content_type": 15,
      "object_id": "30",
      "object_repr": "IPAD",
      "action_flag": 3,
      "change_message": ""
   }
},
{
   "model": "admin.logentry",
   "pk": 355,
   "fields": {
      "action_time": "2017-08-27T08:56:23.169Z",
      "user": 1,
      "content_type": 15,
      "object_id": "52",
      "object_repr": "Good Notebook 12",
      "action_flag": 3,
      "change_message": ""
   }
},
{
   "model": "admin.logentry",
   "pk": 356,
   "fields": {
      "action_time": "2017-08-27T08:56:23.683Z",
      "user": 1,
      "content_type": 15,
      "object_id": "51",
      "object_repr": "IPAD",
      "action_flag": 3,
      "change_message": ""
   }
},
{
   "model": "admin.logentry",
   "pk": 357,
   "fields": {
      "action_time": "2017-08-27T08:56:23.776Z",
      "user": 1,
      "content_type": 15,
      "object_id": "50",
      "object_repr": "Good Notebook 12",
      "action_flag": 3,
      "change_message": ""
   }
},
{
   "model": "admin.logentry",
   "pk": 358,
   "fields": {
      "action_time": "2017-08-27T08:56:23.838Z",
      "user": 1,
      "content_type": 15,
      "object_id": "49",
      "object_repr": "IPAD",
      "action_flag": 3,
      "change_message": ""
   }
},
{
   "model": "admin.logentry",
   "pk": 359,
   "fields": {
      "action_time": "2017-08-27T08:56:23.915Z",
      "user": 1,
      "content_type": 15,
      "object_id": "48",
      "object_repr": "IPAD",
      "action_flag": 3,
      "change_message": ""
   }
},
{
   "model": "admin.logentry",
   "pk": 360,
   "fields": {
      "action_time": "2017-08-27T08:56:23.982Z",
      "user": 1,
      "content_type": 15,
      "object_id": "47",
      "object_repr": "Good Notebook 12",
      "action_flag": 3,
      "change_message": ""
   }
},
{
   "model": "admin.logentry",
   "pk": 361,
   "fields": {
      "action_time": "2017-08-27T08:56:24.055Z",
      "user": 1,
      "content_type": 15,
      "object_id": "46",
      "object_repr": "IPAD",
      "action_flag": 3,
      "change_message": ""
   }
},
{
   "model": "admin.logentry",
   "pk": 362,
   "fields": {
      "action_time": "2017-08-27T08:56:24.137Z",
      "user": 1,
      "content_type": 15,
      "object_id": "45",
      "object_repr": "Good Notebook 12",
      "action_flag": 3,
      "change_message": ""
   }
},
{
   "model": "admin.logentry",
   "pk": 363,
   "fields": {
      "action_time": "2017-08-27T08:56:24.200Z",
      "user": 1,
      "content_type": 15,
      "object_id": "44",
      "object_repr": "IPAD",
      "action_flag": 3,
      "change_message": ""
   }
},
{
   "model": "admin.logentry",
   "pk": 364,
   "fields": {
      "action_time": "2017-08-27T08:56:24.262Z",
      "user": 1,
      "content_type": 15,
      "object_id": "43",
      "object_repr": "IPAD",
      "action_flag": 3,
      "change_message": ""
   }
},
{
   "model": "admin.logentry",
   "pk": 365,
   "fields": {
      "action_time": "2017-08-27T08:56:24.326Z",
      "user": 1,
      "content_type": 15,
      "object_id": "42",
      "object_repr": "IPAD",
      "action_flag": 3,
      "change_message": ""
   }
},
{
   "model": "admin.logentry",
   "pk": 366,
   "fields": {
      "action_time": "2017-08-27T08:56:24.386Z",
      "user": 1,
      "content_type": 15,
      "object_id": "41",
      "object_repr": "IPAD",
      "action_flag": 3,
      "change_message": ""
   }
},
{
   "model": "admin.logentry",
   "pk": 367,
   "fields": {
      "action_time": "2017-08-27T08:56:24.463Z",
      "user": 1,
      "content_type": 15,
      "object_id": "40",
      "object_repr": "Good Notebook 12",
      "action_flag": 3,
      "change_message": ""
   }
},
{
   "model": "admin.logentry",
   "pk": 368,
   "fields": {
      "action_time": "2017-08-27T08:56:24.524Z",
      "user": 1,
      "content_type": 15,
      "object_id": "39",
      "object_repr": "IPAD",
      "action_flag": 3,
      "change_message": ""
   }
},
{
   "model": "admin.logentry",
   "pk": 369,
   "fields": {
      "action_time": "2017-08-27T08:56:24.582Z",
      "user": 1,
      "content_type": 15,
      "object_id": "38",
      "object_repr": "Good Notebook 12",
      "action_flag": 3,
      "change_message": ""
   }
},
{
   "model": "admin.logentry",
   "pk": 370,
   "fields": {
      "action_time": "2017-08-27T08:56:24.720Z",
      "user": 1,
      "content_type": 15,
      "object_id": "37",
      "object_repr": "IPAD",
      "action_flag": 3,
      "change_message": ""
   }
},
{
   "model": "admin.logentry",
   "pk": 371,
   "fields": {
      "action_time": "2017-08-27T08:56:24.775Z",
      "user": 1,
      "content_type": 15,
      "object_id": "36",
      "object_repr": "Good Notebook 12",
      "action_flag": 3,
      "change_message": ""
   }
},
{
   "model": "admin.logentry",
   "pk": 372,
   "fields": {
      "action_time": "2017-08-27T08:56:24.835Z",
      "user": 1,
      "content_type": 15,
      "object_id": "35",
      "object_repr": "IPAD",
      "action_flag": 3,
      "change_message": ""
   }
},
{
   "model": "admin.logentry",
   "pk": 373,
   "fields": {
      "action_time": "2017-08-27T08:56:24.916Z",
      "user": 1,
      "content_type": 15,
      "object_id": "34",
      "object_repr": "Good Notebook 12",
      "action_flag": 3,
      "change_message": ""
   }
},
{
   "model": "admin.logentry",
   "pk": 374,
   "fields": {
      "action_time": "2017-08-27T08:56:24.977Z",
      "user": 1,
      "content_type": 15,
      "object_id": "33",
      "object_repr": "Good Notebook 12",
      "action_flag": 3,
      "change_message": ""
   }
},
{
   "model": "admin.logentry",
   "pk": 375,
   "fields": {
      "action_time": "2017-08-27T08:56:25.061Z",
      "user": 1,
      "content_type": 15,
      "object_id": "32",
      "object_repr": "Good Notebook 12",
      "action_flag": 3,
      "change_message": ""
   }
},
{
   "model": "admin.logentry",
   "pk": 376,
   "fields": {
      "action_time": "2017-08-27T08:56:25.121Z",
      "user": 1,
      "content_type": 15,
      "object_id": "31",
      "object_repr": "Good Notebook 12",
      "action_flag": 3,
      "change_message": ""
   }
},
{
   "model": "admin.logentry",
   "pk": 377,
   "fields": {
      "action_time": "2017-08-27T08:56:25.184Z",
      "user": 1,
      "content_type": 15,
      "object_id": "30",
      "object_repr": "IPAD",
      "action_flag": 3,
      "change_message": ""
   }
},
{
   "model": "admin.logentry",
   "pk": 378,
   "fields": {
      "action_time": "2017-08-27T08:56:27.574Z",
      "user": 1,
      "content_type": 15,
      "object_id": "29",
      "object_repr": "IPAD",
      "action_flag": 3,
      "change_message": ""
   }
},
{
   "model": "admin.logentry",
   "pk": 379,
   "fields": {
      "action_time": "2017-08-27T08:56:27.640Z",
      "user": 1,
      "content_type": 15,
      "object_id": "28",
      "object_repr": "Good Notebook 12",
      "action_flag": 3,
      "change_message": ""
   }
},
{
   "model": "admin.logentry",
   "pk": 380,
   "fields": {
      "action_time": "2017-08-27T08:56:27.703Z",
      "user": 1,
      "content_type": 15,
      "object_id": "27",
      "object_repr": "IPAD",
      "action_flag": 3,
      "change_message": ""
   }
},
{
   "model": "admin.logentry",
   "pk": 381,
   "fields": {
      "action_time": "2017-08-27T08:56:27.764Z",
      "user": 1,
      "content_type": 15,
      "object_id": "26",
      "object_repr": "Good Notebook 12",
      "action_flag": 3,
      "change_message": ""
   }
},
{
   "model": "admin.logentry",
   "pk": 382,
   "fields": {
      "action_time": "2017-08-27T08:56:27.825Z",
      "user": 1,
      "content_type": 15,
      "object_id": "25",
      "object_repr": "IPAD",
      "action_flag": 3,
      "change_message": ""
   }
},
{
   "model": "admin.logentry",
   "pk": 383,
   "fields": {
      "action_time": "2017-08-27T08:56:27.887Z",
      "user": 1,
      "content_type": 15,
      "object_id": "24",
      "object_repr": "Good Notebook 12",
      "action_flag": 3,
      "change_message": ""
   }
},
{
   "model": "admin.logentry",
   "pk": 384,
   "fields": {
      "action_time": "2017-08-27T08:56:27.982Z",
      "user": 1,
      "content_type": 15,
      "object_id": "23",
      "object_repr": "Good Notebook 12",
      "action_flag": 3,
      "change_message": ""
   }
},
{
   "model": "admin.logentry",
   "pk": 385,
   "fields": {
      "action_time": "2017-08-27T08:56:28.086Z",
      "user": 1,
      "content_type": 15,
      "object_id": "22",
      "object_repr": "Good Notebook 12",
      "action_flag": 3,
      "change_message": ""
   }
},
{
   "model": "admin.logentry",
   "pk": 386,
   "fields": {
      "action_time": "2017-08-27T08:56:28.147Z",
      "user": 1,
      "content_type": 15,
      "object_id": "21",
      "object_repr": "Good Notebook 12",
      "action_flag": 3,
      "change_message": ""
   }
},
{
   "model": "admin.logentry",
   "pk": 387,
   "fields": {
      "action_time": "2017-08-27T08:56:28.209Z",
      "user": 1,
      "content_type": 15,
      "object_id": "20",
      "object_repr": "IPAD",
      "action_flag": 3,
      "change_message": ""
   }
},
{
   "model": "admin.logentry",
   "pk": 388,
   "fields": {
      "action_time": "2017-08-27T08:56:28.279Z",
      "user": 1,
      "content_type": 15,
      "object_id": "19",
      "object_repr": "Good Notebook 12",
      "action_flag": 3,
      "change_message": ""
   }
},
{
   "model": "admin.logentry",
   "pk": 389,
   "fields": {
      "action_time": "2017-08-27T08:56:28.343Z",
      "user": 1,
      "content_type": 15,
      "object_id": "18",
      "object_repr": "IPAD",
      "action_flag": 3,
      "change_message": ""
   }
},
{
   "model": "admin.logentry",
   "pk": 390,
   "fields": {
      "action_time": "2017-08-27T08:56:28.423Z",
      "user": 1,
      "content_type": 15,
      "object_id": "17",
      "object_repr": "Good Notebook 12",
      "action_flag": 3,
      "change_message": ""
   }
},
{
   "model": "admin.logentry",
   "pk": 391,
   "fields": {
      "action_time": "2017-08-27T08:56:28.503Z",
      "user": 1,
      "content_type": 15,
      "object_id": "16",
      "object_repr": "Good Notebook 12",
      "action_flag": 3,
      "change_message": ""
   }
},
{
   "model": "admin.logentry",
   "pk": 392,
   "fields": {
      "action_time": "2017-08-27T08:56:28.566Z",
      "user": 1,
      "content_type": 15,
      "object_id": "15",
      "object_repr": "IPAD",
      "action_flag": 3,
      "change_message": ""
   }
},
{
   "model": "admin.logentry",
   "pk": 393,
   "fields": {
      "action_time": "2017-08-27T08:56:28.684Z",
      "user": 1,
      "content_type": 15,
      "object_id": "14",
      "object_repr": "IPAD",
      "action_flag": 3,
      "change_message": ""
   }
},
{
   "model": "admin.logentry",
   "pk": 394,
   "fields": {
      "action_time": "2017-08-27T08:56:28.753Z",
      "user": 1,
      "content_type": 15,
      "object_id": "13",
      "object_repr": "IPAD",
      "action_flag": 3,
      "change_message": ""
   }
},
{
   "model": "admin.logentry",
   "pk": 395,
   "fields": {
      "action_time": "2017-08-27T08:56:28.811Z",
      "user": 1,
      "content_type": 15,
      "object_id": "12",
      "object_repr": "IPAD",
      "action_flag": 3,
      "change_message": ""
   }
},
{
   "model": "admin.logentry",
   "pk": 396,
   "fields": {
      "action_time": "2017-08-27T08:56:28.873Z",
      "user": 1,
      "content_type": 15,
      "object_id": "11",
      "object_repr": "IPAD",
      "action_flag": 3,
      "change_message": ""
   }
},
{
   "model": "admin.logentry",
   "pk": 397,
   "fields": {
      "action_time": "2017-08-27T09:00:16.247Z",
      "user": 1,
      "content_type": 12,
      "object_id": "1",
      "object_repr": "\u0421\u0442\u0430\u0442\u0443\u0441 On work",
      "action_flag": 1,
      "change_message": "[{\"added\": {}}]"
   }
},
{
   "model": "admin.logentry",
   "pk": 398,
   "fields": {
      "action_time": "2017-08-27T09:00:43.618Z",
      "user": 1,
      "content_type": 10,
      "object_id": "22",
      "object_repr": "\u0417\u0430\u043a\u0430\u0437 22 On work",
      "action_flag": 1,
      "change_message": "[{\"added\": {}}, {\"added\": {\"name\": \"\\u0422\\u043e\\u0432\\u0430\\u0440 \\u0432 \\u0437\\u0430\\u043a\\u0430\\u0437\\u0435\", \"object\": \"IPAD\"}}]"
   }
},
{
   "model": "admin.logentry",
   "pk": 399,
   "fields": {
      "action_time": "2017-08-27T09:01:05.222Z",
      "user": 1,
      "content_type": 10,
      "object_id": "22",
      "object_repr": "\u0417\u0430\u043a\u0430\u0437 22 On work",
      "action_flag": 3,
      "change_message": ""
   }
},
{
   "model": "admin.logentry",
   "pk": 400,
   "fields": {
      "action_time": "2017-08-27T09:01:05.316Z",
      "user": 1,
      "content_type": 10,
      "object_id": "21",
      "object_repr": "\u0417\u0430\u043a\u0430\u0437 21 On work",
      "action_flag": 3,
      "change_message": ""
   }
},
{
   "model": "admin.logentry",
   "pk": 401,
   "fields": {
      "action_time": "2017-08-27T09:01:05.414Z",
      "user": 1,
      "content_type": 10,
      "object_id": "20",
      "object_repr": "\u0417\u0430\u043a\u0430\u0437 20 On work",
      "action_flag": 3,
      "change_message": ""
   }
},
{
   "model": "admin.logentry",
   "pk": 402,
   "fields": {
      "action_time": "2017-08-27T09:01:05.480Z",
      "user": 1,
      "content_type": 10,
      "object_id": "18",
      "object_repr": "\u0417\u0430\u043a\u0430\u0437 18 On work",
      "action_flag": 3,
      "change_message": ""
   }
},
{
   "model": "admin.logentry",
   "pk": 403,
   "fields": {
      "action_time": "2017-08-27T09:01:05.541Z",
      "user": 1,
      "content_type": 10,
      "object_id": "17",
      "object_repr": "\u0417\u0430\u043a\u0430\u0437 17 On work",
      "action_flag": 3,
      "change_message": ""
   }
},
{
   "model": "admin.logentry",
   "pk": 404,
   "fields": {
      "action_time": "2017-08-27T09:01:05.603Z",
      "user": 1,
      "content_type": 10,
      "object_id": "15",
      "object_repr": "\u0417\u0430\u043a\u0430\u0437 15 On work",
      "action_flag": 3,
      "change_message": ""
   }
},
{
   "model": "admin.logentry",
   "pk": 405,
   "fields": {
      "action_time": "2017-08-27T09:01:05.664Z",
      "user": 1,
      "content_type": 10,
      "object_id": "14",
      "object_repr": "\u0417\u0430\u043a\u0430\u0437 14 On work",
      "action_flag": 3,
      "change_message": ""
   }
},
{
   "model": "admin.logentry",
   "pk": 406,
   "fields": {
      "action_time": "2017-08-27T09:01:05.726Z",
      "user": 1,
      "content_type": 10,
      "object_id": "13",
      "object_repr": "\u0417\u0430\u043a\u0430\u0437 13 On work",
      "action_flag": 3,
      "change_message": ""
   }
},
{
   "model": "admin.logentry",
   "pk": 407,
   "fields": {
      "action_time": "2017-08-27T09:01:05.789Z",
      "user": 1,
      "content_type": 10,
      "object_id": "11",
      "object_repr": "\u0417\u0430\u043a\u0430\u0437 11 On work",
      "action_flag": 3,
      "change_message": ""
   }
},
{
   "model": "admin.logentry",
   "pk": 408,
   "fields": {
      "action_time": "2017-08-27T09:01:05.850Z",
      "user": 1,
      "content_type": 10,
      "object_id": "10",
      "object_repr": "\u0417\u0430\u043a\u0430\u0437 10 On work",
      "action_flag": 3,
      "change_message": ""
   }
},
{
   "model": "admin.logentry",
   "pk": 409,
   "fields": {
      "action_time": "2017-08-27T09:01:05.911Z",
      "user": 1,
      "content_type": 10,
      "object_id": "9",
      "object_repr": "\u0417\u0430\u043a\u0430\u0437 9 On work",
      "action_flag": 3,
      "change_message": ""
   }
},
{
   "model": "admin.logentry",
   "pk": 410,
   "fields": {
      "action_time": "2017-08-27T09:01:05.973Z",
      "user": 1,
      "content_type": 10,
      "object_id": "8",
      "object_repr": "\u0417\u0430\u043a\u0430\u0437 8 On work",
      "action_flag": 3,
      "change_message": ""
   }
},
{
   "model": "admin.logentry",
   "pk": 411,
   "fields": {
      "action_time": "2017-08-28T15:26:23.069Z",
      "user": 1,
      "content_type": 16,
      "object_id": "1",
      "object_repr": "\u0421\u0442\u0430\u0442\u0443\u0441 True",
      "action_flag": 1,
      "change_message": "[{\"added\": {}}]"
   }
},
{
   "model": "admin.logentry",
   "pk": 412,
   "fields": {
      "action_time": "2017-08-28T15:26:28.538Z",
      "user": 1,
      "content_type": 16,
      "object_id": "1",
      "object_repr": "\u0421\u0442\u0430\u0442\u0443\u0441 True",
      "action_flag": 3,
      "change_message": ""
   }
},
{
   "model": "admin.logentry",
   "pk": 413,
   "fields": {
      "action_time": "2017-08-28T15:34:05.307Z",
      "user": 1,
      "content_type": 16,
      "object_id": "1",
      "object_repr": "\u0421\u0442\u0430\u0442\u0443\u0441 <p style=\"text-align: center; \"><span style=\"font-size: 36px; background-color: rgb(239, 239, 239);\">\u041f\u0440\u0438\u0432\u0435\u0442</span></p><p style=\"text-align: center; \"><b><span style=\"font-size: 24px;\">\u041f\u043e\u043b\u0438\u0442\u0438\u043a\u0430 ",
      "action_flag": 1,
      "change_message": "[{\"added\": {}}]"
   }
},
{
   "model": "admin.logentry",
   "pk": 414,
   "fields": {
      "action_time": "2017-08-28T22:29:52.303Z",
      "user": 1,
      "content_type": 19,
      "object_id": "1",
      "object_repr": "\u0423\u0432\u0435\u0434\u043e\u043c\u043b\u0435\u043d\u0438\u0435 \u0430\u0434\u043c\u0438\u043d\u0438\u0441\u0442\u0440\u0430\u0442\u043e\u0440\u0443",
      "action_flag": 1,
      "change_message": "[{\"added\": {}}]"
   }
},
{
   "model": "admin.logentry",
   "pk": 415,
   "fields": {
      "action_time": "2017-08-28T22:30:07.397Z",
      "user": 1,
      "content_type": 19,
      "object_id": "2",
      "object_repr": "\u0423\u0432\u0435\u0434\u043e\u043c\u043b\u0435\u043d\u0438\u0435 \u043a\u043b\u0438\u0435\u043d\u0442\u0443",
      "action_flag": 1,
      "change_message": "[{\"added\": {}}]"
   }
},
{
   "model": "admin.logentry",
   "pk": 416,
   "fields": {
      "action_time": "2017-08-28T22:31:37.575Z",
      "user": 1,
      "content_type": 18,
      "object_id": "4",
      "object_repr": "\u0423\u0432\u0435\u0434\u043e\u043c\u043b\u0435\u043d\u0438\u0435 \u043a\u043b\u0438\u0435\u043d\u0442\u0443",
      "action_flag": 3,
      "change_message": ""
   }
},
{
   "model": "admin.logentry",
   "pk": 417,
   "fields": {
      "action_time": "2017-08-28T22:31:37.640Z",
      "user": 1,
      "content_type": 18,
      "object_id": "3",
      "object_repr": "\u0423\u0432\u0435\u0434\u043e\u043c\u043b\u0435\u043d\u0438\u0435 \u0430\u0434\u043c\u0438\u043d\u0438\u0441\u0442\u0440\u0430\u0442\u043e\u0440\u0443",
      "action_flag": 3,
      "change_message": ""
   }
},
{
   "model": "admin.logentry",
   "pk": 418,
   "fields": {
      "action_time": "2017-08-28T22:31:37.701Z",
      "user": 1,
      "content_type": 18,
      "object_id": "2",
      "object_repr": "\u0423\u0432\u0435\u0434\u043e\u043c\u043b\u0435\u043d\u0438\u0435 \u043a\u043b\u0438\u0435\u043d\u0442\u0443",
      "action_flag": 3,
      "change_message": ""
   }
},
{
   "model": "admin.logentry",
   "pk": 419,
   "fields": {
      "action_time": "2017-08-28T22:31:37.771Z",
      "user": 1,
      "content_type": 18,
      "object_id": "1",
      "object_repr": "\u0423\u0432\u0435\u0434\u043e\u043c\u043b\u0435\u043d\u0438\u0435 \u0430\u0434\u043c\u0438\u043d\u0438\u0441\u0442\u0440\u0430\u0442\u043e\u0440\u0443",
      "action_flag": 3,
      "change_message": ""
   }
},
{
   "model": "admin.logentry",
   "pk": 420,
   "fields": {
      "action_time": "2017-08-29T07:26:18.702Z",
      "user": 1,
      "content_type": 11,
      "object_id": "51",
      "object_repr": "Good Notebook 12",
      "action_flag": 2,
      "change_message": "[]"
   }
},
{
   "model": "admin.logentry",
   "pk": 421,
   "fields": {
      "action_time": "2017-08-29T20:53:46.635Z",
      "user": 1,
      "content_type": 13,
      "object_id": "2",
      "object_repr": "\u041f\u043e\u043b\u044c\u0437\u043e\u0432\u0430\u0442\u0435\u043b\u044c  goodpas@gmail.com",
      "action_flag": 1,
      "change_message": "[{\"added\": {}}]"
   }
},
{
   "model": "admin.logentry",
   "pk": 422,
   "fields": {
      "action_time": "2017-08-29T22:59:32.565Z",
      "user": 1,
      "content_type": 16,
      "object_id": "2",
      "object_repr": "\u0421\u0442\u0430\u0442\u0443\u0441 <h1 class=\"margin-top-0 margin-bottom-30\" style=\"text-align: center; margin-top: 0px; margin-bottom: 30px; font-family: &quot;Helvetica Neue&quot;, Helvetica, Arial, sans-serif; color: rgb(51, ",
      "action_flag": 1,
      "change_message": "[{\"added\": {}}]"
   }
},
{
   "model": "admin.logentry",
   "pk": 423,
   "fields": {
      "action_time": "2017-08-29T23:13:06.784Z",
      "user": 1,
      "content_type": 16,
      "object_id": "2",
      "object_repr": "\u0421\u0442\u0430\u0442\u0443\u0441 <h1 class=\"margin-top-0 margin-bottom-30\" style=\"text-align: center; margin-top: 0px; margin-bottom: 30px; font-family: &quot;Helvetica Neue&quot;, Helvetica, Arial, sans-serif; color: rgb(51, ",
      "action_flag": 2,
      "change_message": "[{\"changed\": {\"fields\": [\"text\"]}}]"
   }
},
{
   "model": "admin.logentry",
   "pk": 424,
   "fields": {
      "action_time": "2017-08-29T23:16:46.267Z",
      "user": 1,
      "content_type": 16,
      "object_id": "2",
      "object_repr": "\u0421\u0442\u0430\u0442\u0443\u0441 <h1 class=\"margin-top-0 margin-bottom-30\" style=\"text-align: center; margin-top: 0px; margin-bottom: 30px; font-family: &quot;Helvetica Neue&quot;, Helvetica, Arial, sans-serif; color: rgb(51, ",
      "action_flag": 3,
      "change_message": ""
   }
},
{
   "model": "admin.logentry",
   "pk": 425,
   "fields": {
      "action_time": "2017-08-29T23:17:15.427Z",
      "user": 1,
      "content_type": 16,
      "object_id": "3",
      "object_repr": "\u0421\u0442\u0430\u0442\u0443\u0441 <h1 class=\"margin-top-0 margin-bottom-30\" style=\"text-align: center; margin-top: 0px; margin-bottom: 30px; font-family: &quot;Helvetica Neue&quot;, Helvetica, Arial, sans-serif; color: rgb(51, ",
      "action_flag": 1,
      "change_message": "[{\"added\": {}}]"
   }
},
{
   "model": "admin.logentry",
   "pk": 426,
   "fields": {
      "action_time": "2017-08-29T23:21:07.642Z",
      "user": 1,
      "content_type": 16,
      "object_id": "3",
      "object_repr": "\u0421\u0442\u0430\u0442\u0443\u0441 <h1 class=\"margin-top-0 margin-bottom-30\" style=\"text-align: center; margin-top: 0px; margin-bottom: 30px; font-family: &quot;Helvetica Neue&quot;, Helvetica, Arial, sans-serif; color: rgb(51, ",
      "action_flag": 3,
      "change_message": ""
   }
}
]
